Workbook

Sheet Petunjuk
B1: KERTAS KERJA PENJAMINAN KUALITAS / QUALITY ASSURANCE APIP
B2: Penjaminan Kualitas Evidence Struktur dan Proses – KK 3.1 OPD | KAWAL SPIP
B4: A. IDENTITAS
B5: Nama OPD | C5: INSPEKTORAT KABUPATEN MAHAKAM ULU
B6: Tahun Penilaian | C6: 2026
B7: Tanggal Penjaminan Kualitas | C7: 28 Septembeer s.d 30 September 2026
B8: Pengendali Teknis | C8: Plt. Inspektur
B9: Ketua Tim | C9: Evolonia Dypuri Dew, S.IP, M.Si
B10: Anggota Tim | C10: Erik Firnandus Bang, ST
C11: Kresensia Eka Suba, ST
B13: B. PARAMETER PENILAIAN
B14: Ambang batas grade dinyatakan terpenuhi | C14: 1 | D14: dapat diubah
B15: Catatan ambang batas | C15: Default 100%: seluruh evidence yang relevan (selain N/A) pada suatu grade harus tersedia dan sesuai kriteria. Nilai ini adalah asumsi kertas kerja, bukan ketentuan Peraturan BPKP No. 5/2021; sesuaikan dengan kebijakan tim.
B17: C. CARA PENGISIAN (sheet 'KK Penjaminan Kualitas')
B18: Sel yang diisi | C18: Hanya sel berwarna kuning (kolom K s.d. P). Kolom lain terkunci secara konsep (berasal dari Pedoman KK 3.1) dan berisi rumus.
B19: K – Ketersediaan | C19: Ada / Tidak Ada / N/A. Gunakan N/A hanya untuk evidence bertanda 'jika ada' atau yang kejadiannya memang tidak terjadi pada periode penilaian; wajib diberi alasan di kolom Catatan. Item N/A dikeluarkan dari penyebut persentase.
B20: L – Identitas Dokumen | C20: Judul, nomor, dan tanggal dokumen yang benar-benar diperiksa (mis. 'Keputusan Kepala Dinas No. 800/12/2026 tgl 5 Feb 2026').
B21: M – Keabsahan | C21: Ya bila dokumen telah ditetapkan/ditandatangani pejabat berwenang (atau sah secara elektronik); Tidak bila masih draf/tanpa pengesahan.
B22: N – Periode | C22: Ya bila dokumen berlaku/dibuat untuk tahun penilaian; Tidak bila kedaluwarsa atau di luar periode.
B23: O – Substansi | C23: Sesuai / Sebagian / Tidak Sesuai – dibandingkan dengan Kriteria (kolom G) dan Fokus Pembuktian (kolom H).
B24: Q – Nilai (otomatis) | C24: 1 = Ada + Sah + Periode sesuai + Substansi Sesuai; 0,5 = Ada tetapi salah satu dari keabsahan/periode tidak terpenuhi atau substansi Sebagian; 0 = Tidak Ada atau Substansi Tidak Sesuai; kosong = belum dinilai atau N/A.
B25: R – Kesimpulan item (otomatis) | C25: Memenuhi / Memenuhi Sebagian / Tidak Memenuhi / N/A / Belum dinilai.
B26: % Pemenuhan | C26: Σ Nilai ÷ jumlah item yang dinilai (di luar N/A). Dihitung per grade, per parameter, per subunsur, per unsur, dan total OPD.
B27: Grade Indikatif | C27: Grade tertinggi yang dicapai secara berjenjang: E terpenuhi → Level 1; E+D → Level 2; E+D+C → Level 3; E s.d. B → Level 4; E s.d. A → Level 5. Ini indikasi dari kelengkapan dokumen, bukan simpulan akhir penilaian maturitas.
B29: D. CONTOH PENGISIAN SATU BARIS
B30: Evidence disarankan | C30: Pakta Integritas
B31: K – Ketersediaan | C31: Ada
B32: L – Identitas Dokumen | C32: Pakta Integritas Kepala Dinas & pejabat struktural, ditandatangani 6 Januari 2026
B33: M – Keabsahan | C33: Ya
B34: N – Periode | C34: Ya
B35: O – Hasil QA APIP dihitung otomatis berdasarkan penilaian pada KK Penjaminan Kualitas. | C35: Sebagian
B36: P – Catatan Penjamin Kualitas / QA APIP digunakan untuk mencatat alasan, koreksi, atau tindak lanjut. | C36: Pakta integritas pejabat fungsional belum lengkap (5 dari 12 pegawai)
B37: Q – Nilai (otomatis) | C37: 0,5 → Memenuhi Sebagian
B39: Sumber | C39: Daftar evidence diambil dari kolom (12) 'Nama Evidence yang Disarankan' pada Lampiran Pedoman KAWAL SPIP KK 3.1 OPD. Sesuai catatan pedoman, daftar ini adalah bukti yang disarankan, bukan daftar dokumen wajib Peraturan BPKP No. 5/2021.

Sheet KK Penjaminan Kualitas
A1: KERTAS KERJA PENJAMINAN KUALITAS / QUALITY ASSURANCE APIP – KK 3.1 OPD (STRUKTUR DAN PROSES)
A2: ="OPD: "&IF(Petunjuk!$C$5="","..........",Petunjuk!$C$5)&" | Tahun Penilaian: "&IF(Petunjuk!$C$6="","....",Petunjuk!$C$6)
A4: Kode Subunsur | B4: Uraian Subunsur | C4: No Par. | D4: Uraian Parameter | E4: Grade | F4: Tahapan Grade | G4: Kriteria | H4: Fokus yang Harus Dibuktikan | I4: No Item | J4: Nama Evidence yang Disarankan | K4: File Evidence (Tarikan Evidence Struktur & Proses) | L4: Ketersediaan (Ada/Tidak Ada/N/A) | M4: Identitas Dokumen yang Diperiksa (judul, nomor, tanggal) | N4: Keabsahan (Ya/Tidak) | O4: Periode Sesuai (Ya/Tidak) | P4: Substansi vs Kriteria (Sesuai/Sebagian/Tidak Sesuai) | Q4: Catatan Penjamin Kualitas / QA APIP | R4: Nilai | S4: Kesimpulan Item | T4: Kunci Par. | U4: % Grade
A5: 1 | B5: 2 | C5: 3 | D5: 4 | E5: 5 | F5: 6 | G5: 7 | H5: 8 | I5: 9 | J5: 10 | L5: 11 | M5: 12 | N5: 13 | O5: 14 | P5: 15 | Q5: 16 | R5: 17 | S5: 18 | T5: 19 | U5: 20
A6: 1.1 | B6: Penegakan Integritas dan Nilai Etika | C6: 1 | D6: K/L/D menegakkan integritas dan nilai etika dalam melaksanakan tugas dan fungsi organiasi | E6: A | F6: A – Perbaikan Berkelanjutan | G6: Penegakan integritas dan nilai etika telah diperbaiki secara berkelanjutan sehingga tercipta suasana kerja organisasi yang kondusif yang dapat mendorong kinerja para pegawai secara optimal | H6: Integritas dan nilai etika telah menjadi bagian dari perilaku organisasi dan diterapkan secara konsisten oleh individu/pegawai | I6: 1 | J6: Rekap monitoring/penerapan integritas selama 1 tahun | R6: =IF(OR(L6="",L6="N/A"),"",IF(L6="Tidak Ada",0,IF(P6="","",IF(P6="Tidak Sesuai",0,IF(AND(N6="Ya",O6="Ya",P6="Sesuai"),1,0.5))))) | S6: =IF(L6="N/A","N/A",IF(R6="","Belum dinilai",IF(R6=1,"Memenuhi",IF(R6=0,"Tidak Memenuhi","Memenuhi Sebagian")))) | T6: 1.1-1 | U6: =IF(COUNT(R6:R9)=0,"",SUM(R6:R9)/COUNT(R6:R9))
E7: A | I7: 2 | J7: Rekap pelanggaran dan tindak lanjut | R7: =IF(OR(L7="",L7="N/A"),"",IF(L7="Tidak Ada",0,IF(P7="","",IF(P7="Tidak Sesuai",0,IF(AND(N7="Ya",O7="Ya",P7="Sesuai"),1,0.5))))) | S7: =IF(L7="N/A","N/A",IF(R7="","Belum dinilai",IF(R7=1,"Memenuhi",IF(R7=0,"Tidak Memenuhi","Memenuhi Sebagian")))) | T7: 1.1-1
E8: A | I8: 3 | J8: Bukti perbaikan berkelanjutan | R8: =IF(OR(L8="",L8="N/A"),"",IF(L8="Tidak Ada",0,IF(P8="","",IF(P8="Tidak Sesuai",0,IF(AND(N8="Ya",O8="Ya",P8="Sesuai"),1,0.5))))) | S8: =IF(L8="N/A","N/A",IF(R8="","Belum dinilai",IF(R8=1,"Memenuhi",IF(R8=0,"Tidak Memenuhi","Memenuhi Sebagian")))) | T8: 1.1-1
E9: A | I9: 4 | J9: Bukti penerapan reward/punishment secara konsisten | R9: =IF(OR(L9="",L9="N/A"),"",IF(L9="Tidak Ada",0,IF(P9="","",IF(P9="Tidak Sesuai",0,IF(AND(N9="Ya",O9="Ya",P9="Sesuai"),1,0.5))))) | S9: =IF(L9="N/A","N/A",IF(R9="","Belum dinilai",IF(R9=1,"Memenuhi",IF(R9=0,"Tidak Memenuhi","Memenuhi Sebagian")))) | T9: 1.1-1
E10: B | F10: B – Evaluasi & Tindak Lanjut | G10: Kebijakan dan implementasi organisasi telah dievaluasi untuk meningkatkan integritas dan nilai etika para pegawai | H10: Penerapan integritas dan nilai etika telah dievaluasi dan hasilnya digunakan untuk melakukan perbaikan | I10: 1 | J10: Laporan hasil evaluasi/monitoring | Q10: Dokumen Level yang dipenuhi kurang relevan dengan kriteria | R10: =IF(OR(L10="",L10="N/A"),"",IF(L10="Tidak Ada",0,IF(P10="","",IF(P10="Tidak Sesuai",0,IF(AND(N10="Ya",O10="Ya",P10="Sesuai"),1,0.5))))) | S10: =IF(L10="N/A","N/A",IF(R10="","Belum dinilai",IF(R10=1,"Memenuhi",IF(R10=0,"Tidak Memenuhi","Memenuhi Sebagian")))) | T10: 1.1-1 | U10: =IF(COUNT(R10:R12)=0,"",SUM(R10:R12)/COUNT(R10:R12))
E11: B | I11: 2 | J11: Dokumen tindak lanjut hasil evaluasi | R11: =IF(OR(L11="",L11="N/A"),"",IF(L11="Tidak Ada",0,IF(P11="","",IF(P11="Tidak Sesuai",0,IF(AND(N11="Ya",O11="Ya",P11="Sesuai"),1,0.5))))) | S11: =IF(L11="N/A","N/A",IF(R11="","Belum dinilai",IF(R11=1,"Memenuhi",IF(R11=0,"Tidak Memenuhi","Memenuhi Sebagian")))) | T11: 1.1-1
E12: B | I12: 3 | J12: Bukti perbaikan kebijakan/SOP | R12: =IF(OR(L12="",L12="N/A"),"",IF(L12="Tidak Ada",0,IF(P12="","",IF(P12="Tidak Sesuai",0,IF(AND(N12="Ya",O12="Ya",P12="Sesuai"),1,0.5))))) | S12: =IF(L12="N/A","N/A",IF(R12="","Belum dinilai",IF(R12=1,"Memenuhi",IF(R12=0,"Tidak Memenuhi","Memenuhi Sebagian")))) | T12: 1.1-1
E13: C | F13: C – Implementasi | G13: Penegakan integritas dan nilai etika telah dilaksanakan oleh pegawai dalam pelaksanaan tugas dan fungsinya dalam organisasi | H13: Pimpinan memberikan keteladanan dan terdapat praktik nyata penegakan integritas | I13: 1 | J13: Pakta Integritas pimpinan | R13: =IF(OR(L13="",L13="N/A"),"",IF(L13="Tidak Ada",0,IF(P13="","",IF(P13="Tidak Sesuai",0,IF(AND(N13="Ya",O13="Ya",P13="Sesuai"),1,0.5))))) | S13: =IF(L13="N/A","N/A",IF(R13="","Belum dinilai",IF(R13=1,"Memenuhi",IF(R13=0,"Tidak Memenuhi","Memenuhi Sebagian")))) | T13: 1.1-1 | U13: =IF(COUNT(R13:R15)=0,"",SUM(R13:R15)/COUNT(R13:R15))
E14: C | I14: 2 | J14: Notulen/arahan pimpinan tentang integritas | L14: Ada | M14: Notulen Rapat Sosialisasi Budaya Disiplin Kerja | N14: Ya | O14: Ya | P14: Sesuai | R14: =IF(OR(L14="",L14="N/A"),"",IF(L14="Tidak Ada",0,IF(P14="","",IF(P14="Tidak Sesuai",0,IF(AND(N14="Ya",O14="Ya",P14="Sesuai"),1,0.5))))) | S14: =IF(L14="N/A","N/A",IF(R14="","Belum dinilai",IF(R14=1,"Memenuhi",IF(R14=0,"Tidak Memenuhi","Memenuhi Sebagian")))) | T14: 1.1-1
E15: C | I15: 3 | J15: Bukti pembinaan/penegakan disiplin, jika ada | R15: =IF(OR(L15="",L15="N/A"),"",IF(L15="Tidak Ada",0,IF(P15="","",IF(P15="Tidak Sesuai",0,IF(AND(N15="Ya",O15="Ya",P15="Sesuai"),1,0.5))))) | S15: =IF(L15="N/A","N/A",IF(R15="","Belum dinilai",IF(R15=1,"Memenuhi",IF(R15=0,"Tidak Memenuhi","Memenuhi Sebagian")))) | T15: 1.1-1
E16: D | F16: D – Komunikasi & Pemahaman | G16: Kebijakan penegakan integritas dan nilai etika organisasi telah dipahami oleh seluruh pegawai | H16: Kebijakan integritas dan nilai etika telah dikomunikasikan dan dipahami oleh pegawai | I16: 1 | J16: Daftar hadir sosialisasi | R16: =IF(OR(L16="",L16="N/A"),"",IF(L16="Tidak Ada",0,IF(P16="","",IF(P16="Tidak Sesuai",0,IF(AND(N16="Ya",O16="Ya",P16="Sesuai"),1,0.5))))) | S16: =IF(L16="N/A","N/A",IF(R16="","Belum dinilai",IF(R16=1,"Memenuhi",IF(R16=0,"Tidak Memenuhi","Memenuhi Sebagian")))) | T16: 1.1-1 | U16: =IF(COUNT(R16:R18)=0,"",SUM(R16:R18)/COUNT(R16:R18))
E17: D | I17: 2 | J17: Materi sosialisasi | L17: Ada | M17: Materi Presensi Aplikasi SIAP | N17: Ya | O17: Ya | P17: Sesuai | R17: =IF(OR(L17="",L17="N/A"),"",IF(L17="Tidak Ada",0,IF(P17="","",IF(P17="Tidak Sesuai",0,IF(AND(N17="Ya",O17="Ya",P17="Sesuai"),1,0.5))))) | S17: =IF(L17="N/A","N/A",IF(R17="","Belum dinilai",IF(R17=1,"Memenuhi",IF(R17=0,"Tidak Memenuhi","Memenuhi Sebagian")))) | T17: 1.1-1
E18: D | I18: 3 | J18: Notulen/berita acara sosialisasi | R18: =IF(OR(L18="",L18="N/A"),"",IF(L18="Tidak Ada",0,IF(P18="","",IF(P18="Tidak Sesuai",0,IF(AND(N18="Ya",O18="Ya",P18="Sesuai"),1,0.5))))) | S18: =IF(L18="N/A","N/A",IF(R18="","Belum dinilai",IF(R18=1,"Memenuhi",IF(R18=0,"Tidak Memenuhi","Memenuhi Sebagian")))) | T18: 1.1-1
E19: E | F19: E – Kebijakan/Formalitas | G19: Terdapat kebijakan penegakan integritas dan nilai etika untuk seluruh pegawai dalam organisasi | H19: Organisasi telah memiliki kebijakan/aturan mengenai integritas dan nilai etika | I19: 1 | J19: Kode Etik/Kode Perilaku | L19: Ada | M19: Perbub No 30 tahun 2018, SK Inspektur 211 Tahun 2018 | N19: Ya | O19: Ya | P19: Sesuai | R19: =IF(OR(L19="",L19="N/A"),"",IF(L19="Tidak Ada",0,IF(P19="","",IF(P19="Tidak Sesuai",0,IF(AND(N19="Ya",O19="Ya",P19="Sesuai"),1,0.5))))) | S19: =IF(L19="N/A","N/A",IF(R19="","Belum dinilai",IF(R19=1,"Memenuhi",IF(R19=0,"Tidak Memenuhi","Memenuhi Sebagian")))) | T19: 1.1-1 | U19: =IF(COUNT(R19:R21)=0,"",SUM(R19:R21)/COUNT(R19:R21))
E20: E | I20: 2 | J20: Pakta Integritas | R20: =IF(OR(L20="",L20="N/A"),"",IF(L20="Tidak Ada",0,IF(P20="","",IF(P20="Tidak Sesuai",0,IF(AND(N20="Ya",O20="Ya",P20="Sesuai"),1,0.5))))) | S20: =IF(L20="N/A","N/A",IF(R20="","Belum dinilai",IF(R20=1,"Memenuhi",IF(R20=0,"Tidak Memenuhi","Memenuhi Sebagian")))) | T20: 1.1-1
E21: E | I21: 3 | J21: Surat Edaran/Instruksi Kepala OPD tentang integritas | R21: =IF(OR(L21="",L21="N/A"),"",IF(L21="Tidak Ada",0,IF(P21="","",IF(P21="Tidak Sesuai",0,IF(AND(N21="Ya",O21="Ya",P21="Sesuai"),1,0.5))))) | S21: =IF(L21="N/A","N/A",IF(R21="","Belum dinilai",IF(R21=1,"Memenuhi",IF(R21=0,"Tidak Memenuhi","Memenuhi Sebagian")))) | T21: 1.1-1
A22: 1.2 | B22: Komitmen terhadap Kompetensi | C22: 1 | D22: Tugas dan jabatan dalam organisasi dilaksanakan dan diisi oleh SDM yang kompeten | E22: A | F22: A – Perbaikan Berkelanjutan | G22: Pengelolaan kompetensi SDM telah diperbaiki secara berkelanjutan dan secara optimal mampu mendukung pencapaian tujuan organisasi | H22: Pengelolaan kompetensi SDM telah diperbaiki secara berkelanjutan dan secara optimal mampu mendukung pencapaian tujuan organisasi | I22: 1 | J22: Laporan Evaluasi/Pemetaan Kompetensi Pegawai Tahun Berjalan | R22: =IF(OR(L22="",L22="N/A"),"",IF(L22="Tidak Ada",0,IF(P22="","",IF(P22="Tidak Sesuai",0,IF(AND(N22="Ya",O22="Ya",P22="Sesuai"),1,0.5))))) | S22: =IF(L22="N/A","N/A",IF(R22="","Belum dinilai",IF(R22=1,"Memenuhi",IF(R22=0,"Tidak Memenuhi","Memenuhi Sebagian")))) | T22: 1.2-1 | U22: =IF(COUNT(R22:R24)=0,"",SUM(R22:R24)/COUNT(R22:R24))
E23: A | I23: 2 | J23: Laporan Tindak Lanjut Pengembangan Kompetensi ASN | R23: =IF(OR(L23="",L23="N/A"),"",IF(L23="Tidak Ada",0,IF(P23="","",IF(P23="Tidak Sesuai",0,IF(AND(N23="Ya",O23="Ya",P23="Sesuai"),1,0.5))))) | S23: =IF(L23="N/A","N/A",IF(R23="","Belum dinilai",IF(R23=1,"Memenuhi",IF(R23=0,"Tidak Memenuhi","Memenuhi Sebagian")))) | T23: 1.2-1
E24: A | I24: 3 | J24: Dokumen Pemutakhiran Standar Kompetensi Jabatan | R24: =IF(OR(L24="",L24="N/A"),"",IF(L24="Tidak Ada",0,IF(P24="","",IF(P24="Tidak Sesuai",0,IF(AND(N24="Ya",O24="Ya",P24="Sesuai"),1,0.5))))) | S24: =IF(L24="N/A","N/A",IF(R24="","Belum dinilai",IF(R24=1,"Memenuhi",IF(R24=0,"Tidak Memenuhi","Memenuhi Sebagian")))) | T24: 1.2-1
E25: B | F25: B – Evaluasi & Tindak Lanjut | G25: Standar kompetensi organisasi dan implementasi/pemanfaatannya telah dievaluasi untuk mengetahui efektivitasnya | H25: Standar kompetensi organisasi dan implementasi/pemanfaatannya telah dievaluasi untuk mengetahui efektivitasnya | I25: 1 | J25: Laporan Evaluasi Penerapan Standar Kompetensi Jabatan | R25: =IF(OR(L25="",L25="N/A"),"",IF(L25="Tidak Ada",0,IF(P25="","",IF(P25="Tidak Sesuai",0,IF(AND(N25="Ya",O25="Ya",P25="Sesuai"),1,0.5))))) | S25: =IF(L25="N/A","N/A",IF(R25="","Belum dinilai",IF(R25=1,"Memenuhi",IF(R25=0,"Tidak Memenuhi","Memenuhi Sebagian")))) | T25: 1.2-1 | U25: =IF(COUNT(R25:R27)=0,"",SUM(R25:R27)/COUNT(R25:R27))
E26: B | I26: 2 | J26: Laporan Hasil Monitoring Kesesuaian Kompetensi Pegawai dengan Jabatan | R26: =IF(OR(L26="",L26="N/A"),"",IF(L26="Tidak Ada",0,IF(P26="","",IF(P26="Tidak Sesuai",0,IF(AND(N26="Ya",O26="Ya",P26="Sesuai"),1,0.5))))) | S26: =IF(L26="N/A","N/A",IF(R26="","Belum dinilai",IF(R26=1,"Memenuhi",IF(R26=0,"Tidak Memenuhi","Memenuhi Sebagian")))) | T26: 1.2-1
E27: B | I27: 3 | J27: Matriks Tindak Lanjut Hasil Evaluasi | R27: =IF(OR(L27="",L27="N/A"),"",IF(L27="Tidak Ada",0,IF(P27="","",IF(P27="Tidak Sesuai",0,IF(AND(N27="Ya",O27="Ya",P27="Sesuai"),1,0.5))))) | S27: =IF(L27="N/A","N/A",IF(R27="","Belum dinilai",IF(R27=1,"Memenuhi",IF(R27=0,"Tidak Memenuhi","Memenuhi Sebagian")))) | T27: 1.2-1
E28: C | F28: C – Implementasi | G28: Standar kompetensi telah diimplementasikan/dimanfaatkan dalam pengelolaan/pembinaan SDM organisasi | H28: Standar kompetensi telah diimplementasikan/dimanfaatkan dalam pengelolaan/pembinaan SDM organisasi | I28: 1 | J28: Matriks Pemetaan Kompetensi Pegawai | L28: Ada | M28: Matrik rencana usulan Diklat Substantif Tahun 2026 | N28: Ya | O28: Ya | P28: Sesuai | R28: =IF(OR(L28="",L28="N/A"),"",IF(L28="Tidak Ada",0,IF(P28="","",IF(P28="Tidak Sesuai",0,IF(AND(N28="Ya",O28="Ya",P28="Sesuai"),1,0.5))))) | S28: =IF(L28="N/A","N/A",IF(R28="","Belum dinilai",IF(R28=1,"Memenuhi",IF(R28=0,"Tidak Memenuhi","Memenuhi Sebagian")))) | T28: 1.2-1 | U28: =IF(COUNT(R28:R30)=0,"",SUM(R28:R30)/COUNT(R28:R30))
E29: C | I29: 2 | J29: Analisis Kesenjangan Kompetensi | R29: =IF(OR(L29="",L29="N/A"),"",IF(L29="Tidak Ada",0,IF(P29="","",IF(P29="Tidak Sesuai",0,IF(AND(N29="Ya",O29="Ya",P29="Sesuai"),1,0.5))))) | S29: =IF(L29="N/A","N/A",IF(R29="","Belum dinilai",IF(R29=1,"Memenuhi",IF(R29=0,"Tidak Memenuhi","Memenuhi Sebagian")))) | T29: 1.2-1
E30: C | I30: 3 | J30: Rencana Pengembangan Kompetensi ASN | R30: =IF(OR(L30="",L30="N/A"),"",IF(L30="Tidak Ada",0,IF(P30="","",IF(P30="Tidak Sesuai",0,IF(AND(N30="Ya",O30="Ya",P30="Sesuai"),1,0.5))))) | S30: =IF(L30="N/A","N/A",IF(R30="","Belum dinilai",IF(R30=1,"Memenuhi",IF(R30=0,"Tidak Memenuhi","Memenuhi Sebagian")))) | T30: 1.2-1
E31: D | F31: D – Komunikasi & Pemahaman | G31: Standar kompetensi telah dikomunikasikan dan dipahami oleh seluruh pegawai organisasi | H31: Standar kompetensi telah dikomunikasikan dan dipahami oleh seluruh pegawai organisasi | I31: 1 | J31: Standar Kompetensi Jabatan | R31: =IF(OR(L31="",L31="N/A"),"",IF(L31="Tidak Ada",0,IF(P31="","",IF(P31="Tidak Sesuai",0,IF(AND(N31="Ya",O31="Ya",P31="Sesuai"),1,0.5))))) | S31: =IF(L31="N/A","N/A",IF(R31="","Belum dinilai",IF(R31=1,"Memenuhi",IF(R31=0,"Tidak Memenuhi","Memenuhi Sebagian")))) | T31: 1.2-1 | U31: =IF(COUNT(R31:R33)=0,"",SUM(R31:R33)/COUNT(R31:R33))
E32: D | I32: 2 | J32: Bukti sosialisasi/penyampaian standar kompetensi | R32: =IF(OR(L32="",L32="N/A"),"",IF(L32="Tidak Ada",0,IF(P32="","",IF(P32="Tidak Sesuai",0,IF(AND(N32="Ya",O32="Ya",P32="Sesuai"),1,0.5))))) | S32: =IF(L32="N/A","N/A",IF(R32="","Belum dinilai",IF(R32=1,"Memenuhi",IF(R32=0,"Tidak Memenuhi","Memenuhi Sebagian")))) | T32: 1.2-1
E33: D | I33: 3 | J33: Daftar hadir/notulen. | R33: =IF(OR(L33="",L33="N/A"),"",IF(L33="Tidak Ada",0,IF(P33="","",IF(P33="Tidak Sesuai",0,IF(AND(N33="Ya",O33="Ya",P33="Sesuai"),1,0.5))))) | S33: =IF(L33="N/A","N/A",IF(R33="","Belum dinilai",IF(R33=1,"Memenuhi",IF(R33=0,"Tidak Memenuhi","Memenuhi Sebagian")))) | T33: 1.2-1
E34: E | F34: E – Kebijakan/Formalitas | G34: Terdapat standar kompetensi yang jelas untuk seluruh jabatan dan posisi dalam organisasi | H34: Terdapat standar kompetensi yang jelas untuk seluruh jabatan dan posisi dalam organisasi | I34: 1 | J34: Standar Kompetensi Jabatan | R34: =IF(OR(L34="",L34="N/A"),"",IF(L34="Tidak Ada",0,IF(P34="","",IF(P34="Tidak Sesuai",0,IF(AND(N34="Ya",O34="Ya",P34="Sesuai"),1,0.5))))) | S34: =IF(L34="N/A","N/A",IF(R34="","Belum dinilai",IF(R34=1,"Memenuhi",IF(R34=0,"Tidak Memenuhi","Memenuhi Sebagian")))) | T34: 1.2-1 | U34: =IF(COUNT(R34:R36)=0,"",SUM(R34:R36)/COUNT(R34:R36))
E35: E | I35: 2 | J35: Peta Jabatan | R35: =IF(OR(L35="",L35="N/A"),"",IF(L35="Tidak Ada",0,IF(P35="","",IF(P35="Tidak Sesuai",0,IF(AND(N35="Ya",O35="Ya",P35="Sesuai"),1,0.5))))) | S35: =IF(L35="N/A","N/A",IF(R35="","Belum dinilai",IF(R35=1,"Memenuhi",IF(R35=0,"Tidak Memenuhi","Memenuhi Sebagian")))) | T35: 1.2-1
E36: E | I36: 3 | J36: Anjab dan ABK. | R36: =IF(OR(L36="",L36="N/A"),"",IF(L36="Tidak Ada",0,IF(P36="","",IF(P36="Tidak Sesuai",0,IF(AND(N36="Ya",O36="Ya",P36="Sesuai"),1,0.5))))) | S36: =IF(L36="N/A","N/A",IF(R36="","Belum dinilai",IF(R36=1,"Memenuhi",IF(R36=0,"Tidak Memenuhi","Memenuhi Sebagian")))) | T36: 1.2-1
A37: 1.3 | B37: Kepemimpinan yang Kondusif | C37: 1 | D37: Pimpinan K/L/D menciptakan lingkungan kerja yang kondusif untuk mendukung ketaatan terhadap peraturan yang berlaku | E37: A | F37: A – Perbaikan Berkelanjutan | G37: Penerapan manajemen kinerja, pengelolaan keuangan, manajemen SDM, serta manajemen risiko dapat meningkatkan efektivitas dan efisiensi kinerja seluruh level pimpinan dan pegawai | H37: Penerapan manajemen kinerja, pengelolaan keuangan, manajemen SDM, serta manajemen risiko dapat meningkatkan efektivitas dan efisiensi kinerja seluruh level pimpinan dan pegawai | I37: 1 | J37: Laporan Kinerja/LKjIP OPD | R37: =IF(OR(L37="",L37="N/A"),"",IF(L37="Tidak Ada",0,IF(P37="","",IF(P37="Tidak Sesuai",0,IF(AND(N37="Ya",O37="Ya",P37="Sesuai"),1,0.5))))) | S37: =IF(L37="N/A","N/A",IF(R37="","Belum dinilai",IF(R37=1,"Memenuhi",IF(R37=0,"Tidak Memenuhi","Memenuhi Sebagian")))) | T37: 1.3-1 | U37: =IF(COUNT(R37:R39)=0,"",SUM(R37:R39)/COUNT(R37:R39))
E38: A | I38: 2 | J38: Laporan Evaluasi Penerapan Manajemen Kinerja, Keuangan, SDM, dan Manajemen Risiko | R38: =IF(OR(L38="",L38="N/A"),"",IF(L38="Tidak Ada",0,IF(P38="","",IF(P38="Tidak Sesuai",0,IF(AND(N38="Ya",O38="Ya",P38="Sesuai"),1,0.5))))) | S38: =IF(L38="N/A","N/A",IF(R38="","Belum dinilai",IF(R38=1,"Memenuhi",IF(R38=0,"Tidak Memenuhi","Memenuhi Sebagian")))) | T38: 1.3-1
E39: A | I39: 3 | J39: Dokumen/rekapitulasi capaian kinerja dan efisiensi | R39: =IF(OR(L39="",L39="N/A"),"",IF(L39="Tidak Ada",0,IF(P39="","",IF(P39="Tidak Sesuai",0,IF(AND(N39="Ya",O39="Ya",P39="Sesuai"),1,0.5))))) | S39: =IF(L39="N/A","N/A",IF(R39="","Belum dinilai",IF(R39=1,"Memenuhi",IF(R39=0,"Tidak Memenuhi","Memenuhi Sebagian")))) | T39: 1.3-1
E40: B | F40: B – Evaluasi & Tindak Lanjut | G40: Pimpinan organisasi melaksanakan evaluasi berkala atas kebijakan pengendalian intern dan berupaya mengatasi permasalahan yang berkaitan dengan lingkungan pengendalian yang kondusif | H40: Pimpinan organisasi melaksanakan evaluasi berkala atas kebijakan pengendalian intern dan berupaya mengatasi permasalahan yang berkaitan dengan lingkungan pengendalian yang kondusif | I40: 1 | J40: Laporan Evaluasi Lingkungan Pengendalian | R40: =IF(OR(L40="",L40="N/A"),"",IF(L40="Tidak Ada",0,IF(P40="","",IF(P40="Tidak Sesuai",0,IF(AND(N40="Ya",O40="Ya",P40="Sesuai"),1,0.5))))) | S40: =IF(L40="N/A","N/A",IF(R40="","Belum dinilai",IF(R40=1,"Memenuhi",IF(R40=0,"Tidak Memenuhi","Memenuhi Sebagian")))) | T40: 1.3-1 | U40: =IF(COUNT(R40:R42)=0,"",SUM(R40:R42)/COUNT(R40:R42))
E41: B | I41: 2 | J41: Matriks Tindak Lanjut Hasil Evaluasi | R41: =IF(OR(L41="",L41="N/A"),"",IF(L41="Tidak Ada",0,IF(P41="","",IF(P41="Tidak Sesuai",0,IF(AND(N41="Ya",O41="Ya",P41="Sesuai"),1,0.5))))) | S41: =IF(L41="N/A","N/A",IF(R41="","Belum dinilai",IF(R41=1,"Memenuhi",IF(R41=0,"Tidak Memenuhi","Memenuhi Sebagian")))) | T41: 1.3-1
E42: B | I42: 3 | J42: Rekapitulasi Masukan/Keluhan Pegawai dan Tindak Lanjut | R42: =IF(OR(L42="",L42="N/A"),"",IF(L42="Tidak Ada",0,IF(P42="","",IF(P42="Tidak Sesuai",0,IF(AND(N42="Ya",O42="Ya",P42="Sesuai"),1,0.5))))) | S42: =IF(L42="N/A","N/A",IF(R42="","Belum dinilai",IF(R42=1,"Memenuhi",IF(R42=0,"Tidak Memenuhi","Memenuhi Sebagian")))) | T42: 1.3-1
E43: C | F43: C – Implementasi | G43: Pimpinan organisasi melaksanakan kebijakan dan didukung dengan SDM yang bekerja sesuai dengan kebijakan yang ditetapkan | H43: Pimpinan organisasi melaksanakan kebijakan dan didukung dengan SDM yang bekerja sesuai dengan kebijakan yang ditetapkan | I43: 1 | J43: Perjanjian Kinerja Kepala OPD | L43: Ada | M43: PK Inspektur Tahun 2026, SKP Irban, Auditor & Perencana | N43: Ya | O43: Ya | P43: Sesuai | R43: =IF(OR(L43="",L43="N/A"),"",IF(L43="Tidak Ada",0,IF(P43="","",IF(P43="Tidak Sesuai",0,IF(AND(N43="Ya",O43="Ya",P43="Sesuai"),1,0.5))))) | S43: =IF(L43="N/A","N/A",IF(R43="","Belum dinilai",IF(R43=1,"Memenuhi",IF(R43=0,"Tidak Memenuhi","Memenuhi Sebagian")))) | T43: 1.3-1 | U43: =IF(COUNT(R43:R46)=0,"",SUM(R43:R46)/COUNT(R43:R46))
E44: C | I44: 2 | J44: Pakta Integritas Pimpinan | R44: =IF(OR(L44="",L44="N/A"),"",IF(L44="Tidak Ada",0,IF(P44="","",IF(P44="Tidak Sesuai",0,IF(AND(N44="Ya",O44="Ya",P44="Sesuai"),1,0.5))))) | S44: =IF(L44="N/A","N/A",IF(R44="","Belum dinilai",IF(R44=1,"Memenuhi",IF(R44=0,"Tidak Memenuhi","Memenuhi Sebagian")))) | T44: 1.3-1
E45: C | I45: 3 | J45: Dokumen Pelaksanaan Manajemen Risiko | R45: =IF(OR(L45="",L45="N/A"),"",IF(L45="Tidak Ada",0,IF(P45="","",IF(P45="Tidak Sesuai",0,IF(AND(N45="Ya",O45="Ya",P45="Sesuai"),1,0.5))))) | S45: =IF(L45="N/A","N/A",IF(R45="","Belum dinilai",IF(R45=1,"Memenuhi",IF(R45=0,"Tidak Memenuhi","Memenuhi Sebagian")))) | T45: 1.3-1
E46: C | I46: 4 | J46: Rekapitulasi Kehadiran dan Kepatuhan Pegawai | R46: =IF(OR(L46="",L46="N/A"),"",IF(L46="Tidak Ada",0,IF(P46="","",IF(P46="Tidak Sesuai",0,IF(AND(N46="Ya",O46="Ya",P46="Sesuai"),1,0.5))))) | S46: =IF(L46="N/A","N/A",IF(R46="","Belum dinilai",IF(R46=1,"Memenuhi",IF(R46=0,"Tidak Memenuhi","Memenuhi Sebagian")))) | T46: 1.3-1
E47: D | F47: D – Komunikasi & Pemahaman | G47: Pimpinan organisasi terlibat dalam penyusunan dan penetapkan kebijakan yang mendukung penciptaan lingkungan kerja yang kondusif untuk pencapaian tujuan organisasi serta memahami substansi kebijakan pengendalian intern dan mendorong penerapan kebijakan dalam berbagai interaksi kepada jajaran di bawahnya | H47: Pimpinan organisasi terlibat dalam penyusunan dan penetapkan kebijakan yang mendukung penciptaan lingkungan kerja yang kondusif untuk pencapaian tujuan organisasi serta memahami substansi kebijakan pengendalian intern dan mendorong penerapan kebijakan dalam berbagai interaksi kepada jajaran di bawahnya | I47: 1 | J47: Notulen Rapat Pimpinan | R47: =IF(OR(L47="",L47="N/A"),"",IF(L47="Tidak Ada",0,IF(P47="","",IF(P47="Tidak Sesuai",0,IF(AND(N47="Ya",O47="Ya",P47="Sesuai"),1,0.5))))) | S47: =IF(L47="N/A","N/A",IF(R47="","Belum dinilai",IF(R47=1,"Memenuhi",IF(R47=0,"Tidak Memenuhi","Memenuhi Sebagian")))) | T47: 1.3-1 | U47: =IF(COUNT(R47:R49)=0,"",SUM(R47:R49)/COUNT(R47:R49))
E48: D | I48: 2 | J48: Surat Edaran/Instruksi/Arahan Pimpinan | R48: =IF(OR(L48="",L48="N/A"),"",IF(L48="Tidak Ada",0,IF(P48="","",IF(P48="Tidak Sesuai",0,IF(AND(N48="Ya",O48="Ya",P48="Sesuai"),1,0.5))))) | S48: =IF(L48="N/A","N/A",IF(R48="","Belum dinilai",IF(R48=1,"Memenuhi",IF(R48=0,"Tidak Memenuhi","Memenuhi Sebagian")))) | T48: 1.3-1
E49: D | I49: 3 | J49: Dokumentasi Apel/Rapat/Forum Internal | R49: =IF(OR(L49="",L49="N/A"),"",IF(L49="Tidak Ada",0,IF(P49="","",IF(P49="Tidak Sesuai",0,IF(AND(N49="Ya",O49="Ya",P49="Sesuai"),1,0.5))))) | S49: =IF(L49="N/A","N/A",IF(R49="","Belum dinilai",IF(R49=1,"Memenuhi",IF(R49=0,"Tidak Memenuhi","Memenuhi Sebagian")))) | T49: 1.3-1
E50: E | F50: E – Kebijakan/Formalitas | G50: Pimpinan organisasi terlibat dalam penyusunan dan penetapkan kebijakan yang mendukung penciptaan lingkungan kerja yang kondusif untuk pencapaian tujuan organisasi | H50: Pimpinan organisasi terlibat dalam penyusunan dan penetapkan kebijakan yang mendukung penciptaan lingkungan kerja yang kondusif untuk pencapaian tujuan organisasi | I50: 1 | J50: Peraturan/Keputusan/Surat Edaran Kebijakan Internal yang Ditetapkan Pimpinan | R50: =IF(OR(L50="",L50="N/A"),"",IF(L50="Tidak Ada",0,IF(P50="","",IF(P50="Tidak Sesuai",0,IF(AND(N50="Ya",O50="Ya",P50="Sesuai"),1,0.5))))) | S50: =IF(L50="N/A","N/A",IF(R50="","Belum dinilai",IF(R50=1,"Memenuhi",IF(R50=0,"Tidak Memenuhi","Memenuhi Sebagian")))) | T50: 1.3-1 | U50: =IF(COUNT(R50:R54)=0,"",SUM(R50:R54)/COUNT(R50:R54))
E51: E | I51: 2 | J51: Dokumen Kebijakan Manajemen Kinerja | R51: =IF(OR(L51="",L51="N/A"),"",IF(L51="Tidak Ada",0,IF(P51="","",IF(P51="Tidak Sesuai",0,IF(AND(N51="Ya",O51="Ya",P51="Sesuai"),1,0.5))))) | S51: =IF(L51="N/A","N/A",IF(R51="","Belum dinilai",IF(R51=1,"Memenuhi",IF(R51=0,"Tidak Memenuhi","Memenuhi Sebagian")))) | T51: 1.3-1
E52: E | I52: 3 | J52: Dokumen Kebijakan Pengelolaan Keuangan dan Aset | R52: =IF(OR(L52="",L52="N/A"),"",IF(L52="Tidak Ada",0,IF(P52="","",IF(P52="Tidak Sesuai",0,IF(AND(N52="Ya",O52="Ya",P52="Sesuai"),1,0.5))))) | S52: =IF(L52="N/A","N/A",IF(R52="","Belum dinilai",IF(R52=1,"Memenuhi",IF(R52=0,"Tidak Memenuhi","Memenuhi Sebagian")))) | T52: 1.3-1
E53: E | I53: 4 | J53: Dokumen Kebijakan Pengelolaan SDM | R53: =IF(OR(L53="",L53="N/A"),"",IF(L53="Tidak Ada",0,IF(P53="","",IF(P53="Tidak Sesuai",0,IF(AND(N53="Ya",O53="Ya",P53="Sesuai"),1,0.5))))) | S53: =IF(L53="N/A","N/A",IF(R53="","Belum dinilai",IF(R53=1,"Memenuhi",IF(R53=0,"Tidak Memenuhi","Memenuhi Sebagian")))) | T53: 1.3-1
E54: E | I54: 5 | J54: Pedoman/Kebijakan Manajemen Risiko | R54: =IF(OR(L54="",L54="N/A"),"",IF(L54="Tidak Ada",0,IF(P54="","",IF(P54="Tidak Sesuai",0,IF(AND(N54="Ya",O54="Ya",P54="Sesuai"),1,0.5))))) | S54: =IF(L54="N/A","N/A",IF(R54="","Belum dinilai",IF(R54=1,"Memenuhi",IF(R54=0,"Tidak Memenuhi","Memenuhi Sebagian")))) | T54: 1.3-1
A55: 1.3 | B55: Kepemimpinan yang Kondusif | C55: 2 | D55: Pimpinan K/L/D mengalokasikan sumber daya untuk penerapan manajemen risiko | E55: A | F55: A – Perbaikan Berkelanjutan | G55: Sudah mengalokasikan sumber daya secara memadai untuk penerapan manajemen risiko pada tingkat operasional unit kerja, strategis unit kerja, dan strategis K/L/D | H55: Mengalokasikan sumber daya secara memadai untuk penerapan manajemen risiko pada tingkat operasional unit kerja, strategis unit kerja, dan strategis K/L/D | I55: 1 | J55: DPA/RKA yang Memuat Anggaran Penerapan Manajemen Risiko | R55: =IF(OR(L55="",L55="N/A"),"",IF(L55="Tidak Ada",0,IF(P55="","",IF(P55="Tidak Sesuai",0,IF(AND(N55="Ya",O55="Ya",P55="Sesuai"),1,0.5))))) | S55: =IF(L55="N/A","N/A",IF(R55="","Belum dinilai",IF(R55=1,"Memenuhi",IF(R55=0,"Tidak Memenuhi","Memenuhi Sebagian")))) | T55: 1.3-2 | U55: =IF(COUNT(R55:R59)=0,"",SUM(R55:R59)/COUNT(R55:R59))
E56: A | I56: 2 | J56: SK/Surat Keputusan Unit Pemilik Risiko (UPR) | R56: =IF(OR(L56="",L56="N/A"),"",IF(L56="Tidak Ada",0,IF(P56="","",IF(P56="Tidak Sesuai",0,IF(AND(N56="Ya",O56="Ya",P56="Sesuai"),1,0.5))))) | S56: =IF(L56="N/A","N/A",IF(R56="","Belum dinilai",IF(R56=1,"Memenuhi",IF(R56=0,"Tidak Memenuhi","Memenuhi Sebagian")))) | T56: 1.3-2
E57: A | I57: 3 | J57: Daftar Anggota UPR dan Bukti Kompetensi Manajemen Risiko | R57: =IF(OR(L57="",L57="N/A"),"",IF(L57="Tidak Ada",0,IF(P57="","",IF(P57="Tidak Sesuai",0,IF(AND(N57="Ya",O57="Ya",P57="Sesuai"),1,0.5))))) | S57: =IF(L57="N/A","N/A",IF(R57="","Belum dinilai",IF(R57=1,"Memenuhi",IF(R57=0,"Tidak Memenuhi","Memenuhi Sebagian")))) | T57: 1.3-2
E58: A | I58: 4 | J58: Profil Risiko dan Rencana Tindak Pengendalian (RTP) | R58: =IF(OR(L58="",L58="N/A"),"",IF(L58="Tidak Ada",0,IF(P58="","",IF(P58="Tidak Sesuai",0,IF(AND(N58="Ya",O58="Ya",P58="Sesuai"),1,0.5))))) | S58: =IF(L58="N/A","N/A",IF(R58="","Belum dinilai",IF(R58=1,"Memenuhi",IF(R58=0,"Tidak Memenuhi","Memenuhi Sebagian")))) | T58: 1.3-2
E59: A | I59: 5 | J59: Laporan Monitoring/Reviu Penerapan Manajemen Risiko | R59: =IF(OR(L59="",L59="N/A"),"",IF(L59="Tidak Ada",0,IF(P59="","",IF(P59="Tidak Sesuai",0,IF(AND(N59="Ya",O59="Ya",P59="Sesuai"),1,0.5))))) | S59: =IF(L59="N/A","N/A",IF(R59="","Belum dinilai",IF(R59=1,"Memenuhi",IF(R59=0,"Tidak Memenuhi","Memenuhi Sebagian")))) | T59: 1.3-2
E60: B | F60: B – Evaluasi & Tindak Lanjut | G60: Sudah mengalokasikan sumber daya secara memadai untuk penerapan manajemen risiko pada tingkat operasional unit kerja dan strategis unit kerja namun pada tingkat srategis K/L/D belum memadai | H60: Mengalokasikan sumber daya secara memadai untuk penerapan manajemen risiko pada tingkat operasional unit kerja dan strategis unit kerja namun pada tingkat srategis K/L/D belum memadai | I60: 1 | J60: DPA/RKA yang Memuat Anggaran Penerapan Manajemen Risiko | R60: =IF(OR(L60="",L60="N/A"),"",IF(L60="Tidak Ada",0,IF(P60="","",IF(P60="Tidak Sesuai",0,IF(AND(N60="Ya",O60="Ya",P60="Sesuai"),1,0.5))))) | S60: =IF(L60="N/A","N/A",IF(R60="","Belum dinilai",IF(R60=1,"Memenuhi",IF(R60=0,"Tidak Memenuhi","Memenuhi Sebagian")))) | T60: 1.3-2 | U60: =IF(COUNT(R60:R64)=0,"",SUM(R60:R64)/COUNT(R60:R64))
E61: B | I61: 2 | J61: SK/Surat Keputusan UPR | R61: =IF(OR(L61="",L61="N/A"),"",IF(L61="Tidak Ada",0,IF(P61="","",IF(P61="Tidak Sesuai",0,IF(AND(N61="Ya",O61="Ya",P61="Sesuai"),1,0.5))))) | S61: =IF(L61="N/A","N/A",IF(R61="","Belum dinilai",IF(R61=1,"Memenuhi",IF(R61=0,"Tidak Memenuhi","Memenuhi Sebagian")))) | T61: 1.3-2
E62: B | I62: 3 | J62: Profil Risiko dan RTP | R62: =IF(OR(L62="",L62="N/A"),"",IF(L62="Tidak Ada",0,IF(P62="","",IF(P62="Tidak Sesuai",0,IF(AND(N62="Ya",O62="Ya",P62="Sesuai"),1,0.5))))) | S62: =IF(L62="N/A","N/A",IF(R62="","Belum dinilai",IF(R62=1,"Memenuhi",IF(R62=0,"Tidak Memenuhi","Memenuhi Sebagian")))) | T62: 1.3-2
E63: B | I63: 4 | J63: Daftar Anggota UPR dan Bukti Kompetensi Manajemen Risiko | R63: =IF(OR(L63="",L63="N/A"),"",IF(L63="Tidak Ada",0,IF(P63="","",IF(P63="Tidak Sesuai",0,IF(AND(N63="Ya",O63="Ya",P63="Sesuai"),1,0.5))))) | S63: =IF(L63="N/A","N/A",IF(R63="","Belum dinilai",IF(R63=1,"Memenuhi",IF(R63=0,"Tidak Memenuhi","Memenuhi Sebagian")))) | T63: 1.3-2
E64: B | I64: 5 | J64: Laporan Monitoring/Reviu Penerapan Manajemen Risiko | R64: =IF(OR(L64="",L64="N/A"),"",IF(L64="Tidak Ada",0,IF(P64="","",IF(P64="Tidak Sesuai",0,IF(AND(N64="Ya",O64="Ya",P64="Sesuai"),1,0.5))))) | S64: =IF(L64="N/A","N/A",IF(R64="","Belum dinilai",IF(R64=1,"Memenuhi",IF(R64=0,"Tidak Memenuhi","Memenuhi Sebagian")))) | T64: 1.3-2
E65: C | F65: C – Implementasi | G65: Sudah mengalokasikan sumber daya secara memadai untuk penerapan manajemen risiko pada tingkat operasional unit kerja dan strategis unit kerja | H65: Mengalokasikan sumber daya secara memadai untuk penerapan manajemen risiko pada tingkat operasional unit kerja dan strategis unit kerja | I65: 1 | J65: DPA/RKA yang Memuat Anggaran Penerapan Manajemen Risiko | L65: Ada | M65: DPA/DPPA TA 2026 | N65: Ya | O65: Ya | P65: Sesuai | R65: =IF(OR(L65="",L65="N/A"),"",IF(L65="Tidak Ada",0,IF(P65="","",IF(P65="Tidak Sesuai",0,IF(AND(N65="Ya",O65="Ya",P65="Sesuai"),1,0.5))))) | S65: =IF(L65="N/A","N/A",IF(R65="","Belum dinilai",IF(R65=1,"Memenuhi",IF(R65=0,"Tidak Memenuhi","Memenuhi Sebagian")))) | T65: 1.3-2 | U65: =IF(COUNT(R65:R68)=0,"",SUM(R65:R68)/COUNT(R65:R68))
E66: C | I66: 2 | J66: SK/Surat Keputusan UPR | R66: =IF(OR(L66="",L66="N/A"),"",IF(L66="Tidak Ada",0,IF(P66="","",IF(P66="Tidak Sesuai",0,IF(AND(N66="Ya",O66="Ya",P66="Sesuai"),1,0.5))))) | S66: =IF(L66="N/A","N/A",IF(R66="","Belum dinilai",IF(R66=1,"Memenuhi",IF(R66=0,"Tidak Memenuhi","Memenuhi Sebagian")))) | T66: 1.3-2
E67: C | I67: 3 | J67: Profil Risiko dan RTP | L67: Ada | M67: RR dan Laporan pemantauan RTP | N67: Ya | O67: Ya | P67: Sesuai | R67: =IF(OR(L67="",L67="N/A"),"",IF(L67="Tidak Ada",0,IF(P67="","",IF(P67="Tidak Sesuai",0,IF(AND(N67="Ya",O67="Ya",P67="Sesuai"),1,0.5))))) | S67: =IF(L67="N/A","N/A",IF(R67="","Belum dinilai",IF(R67=1,"Memenuhi",IF(R67=0,"Tidak Memenuhi","Memenuhi Sebagian")))) | T67: 1.3-2
E68: C | I68: 4 | J68: Daftar Anggota UPR dan Bukti Kompetensi Manajemen Risiko | R68: =IF(OR(L68="",L68="N/A"),"",IF(L68="Tidak Ada",0,IF(P68="","",IF(P68="Tidak Sesuai",0,IF(AND(N68="Ya",O68="Ya",P68="Sesuai"),1,0.5))))) | S68: =IF(L68="N/A","N/A",IF(R68="","Belum dinilai",IF(R68=1,"Memenuhi",IF(R68=0,"Tidak Memenuhi","Memenuhi Sebagian")))) | T68: 1.3-2
E69: D | F69: D – Komunikasi & Pemahaman | G69: Sudah mengalokasikan sumber daya secara memadai untuk penerapan manajemen risiko pada tingkat operasional unit kerja namun pada tingkat strategis unit kerja belum memadai | H69: Mengalokasikan sumber daya secara memadai untuk penerapan manajemen risiko pada tingkat operasional unit kerja namun pada tingkat strategis unit kerja belum memadai | I69: 1 | J69: DPA/RKA yang Memuat Anggaran Penerapan Manajemen Risiko Tingkat Operasional | R69: =IF(OR(L69="",L69="N/A"),"",IF(L69="Tidak Ada",0,IF(P69="","",IF(P69="Tidak Sesuai",0,IF(AND(N69="Ya",O69="Ya",P69="Sesuai"),1,0.5))))) | S69: =IF(L69="N/A","N/A",IF(R69="","Belum dinilai",IF(R69=1,"Memenuhi",IF(R69=0,"Tidak Memenuhi","Memenuhi Sebagian")))) | T69: 1.3-2 | U69: =IF(COUNT(R69:R72)=0,"",SUM(R69:R72)/COUNT(R69:R72))
E70: D | I70: 2 | J70: SK/Surat Keputusan UPR | R70: =IF(OR(L70="",L70="N/A"),"",IF(L70="Tidak Ada",0,IF(P70="","",IF(P70="Tidak Sesuai",0,IF(AND(N70="Ya",O70="Ya",P70="Sesuai"),1,0.5))))) | S70: =IF(L70="N/A","N/A",IF(R70="","Belum dinilai",IF(R70=1,"Memenuhi",IF(R70=0,"Tidak Memenuhi","Memenuhi Sebagian")))) | T70: 1.3-2
E71: D | I71: 3 | J71: Bukti Pelaksanaan Kegiatan Manajemen Risiko | R71: =IF(OR(L71="",L71="N/A"),"",IF(L71="Tidak Ada",0,IF(P71="","",IF(P71="Tidak Sesuai",0,IF(AND(N71="Ya",O71="Ya",P71="Sesuai"),1,0.5))))) | S71: =IF(L71="N/A","N/A",IF(R71="","Belum dinilai",IF(R71=1,"Memenuhi",IF(R71=0,"Tidak Memenuhi","Memenuhi Sebagian")))) | T71: 1.3-2
E72: D | I72: 4 | J72: Daftar Anggota UPR dan Bukti Kompetensi Manajemen Risiko | R72: =IF(OR(L72="",L72="N/A"),"",IF(L72="Tidak Ada",0,IF(P72="","",IF(P72="Tidak Sesuai",0,IF(AND(N72="Ya",O72="Ya",P72="Sesuai"),1,0.5))))) | S72: =IF(L72="N/A","N/A",IF(R72="","Belum dinilai",IF(R72=1,"Memenuhi",IF(R72=0,"Tidak Memenuhi","Memenuhi Sebagian")))) | T72: 1.3-2
E73: E | F73: E – Kebijakan/Formalitas | G73: Sudah mengalokasikan sumber daya untuk penerapan manajemen risiko pada tingkat operasional unit kerja namun belum memadai | H73: Mengalokasikan sumber daya untuk penerapan manajemen risiko pada tingkat operasional unit kerja namun belum memadai | I73: 1 | J73: DPA/RKA yang Memuat Anggaran Penerapan Manajemen Risiko | R73: =IF(OR(L73="",L73="N/A"),"",IF(L73="Tidak Ada",0,IF(P73="","",IF(P73="Tidak Sesuai",0,IF(AND(N73="Ya",O73="Ya",P73="Sesuai"),1,0.5))))) | S73: =IF(L73="N/A","N/A",IF(R73="","Belum dinilai",IF(R73=1,"Memenuhi",IF(R73=0,"Tidak Memenuhi","Memenuhi Sebagian")))) | T73: 1.3-2 | U73: =IF(COUNT(R73:R75)=0,"",SUM(R73:R75)/COUNT(R73:R75))
E74: E | I74: 2 | J74: SK/Surat Keputusan UPR | R74: =IF(OR(L74="",L74="N/A"),"",IF(L74="Tidak Ada",0,IF(P74="","",IF(P74="Tidak Sesuai",0,IF(AND(N74="Ya",O74="Ya",P74="Sesuai"),1,0.5))))) | S74: =IF(L74="N/A","N/A",IF(R74="","Belum dinilai",IF(R74=1,"Memenuhi",IF(R74=0,"Tidak Memenuhi","Memenuhi Sebagian")))) | T74: 1.3-2
E75: E | I75: 3 | J75: Bukti Pelaksanaan Kegiatan Manajemen Risiko | R75: =IF(OR(L75="",L75="N/A"),"",IF(L75="Tidak Ada",0,IF(P75="","",IF(P75="Tidak Sesuai",0,IF(AND(N75="Ya",O75="Ya",P75="Sesuai"),1,0.5))))) | S75: =IF(L75="N/A","N/A",IF(R75="","Belum dinilai",IF(R75=1,"Memenuhi",IF(R75=0,"Tidak Memenuhi","Memenuhi Sebagian")))) | T75: 1.3-2
A76: 1.3 | B76: Kepemimpinan yang Kondusif | C76: 3 | D76: Pimpinan K/L/D menggunakan informasi terkait risiko dalam pengambilan keputusan | E76: A | F76: A – Perbaikan Berkelanjutan | G76: Seluruh pengambilan keputusan strategis K/L/D, strategis unit kerja, dan operasional unit kerja telah mempertimbangkan risiko dan memberikan dampak bagi pencapaian tujuan organisasi | H76: Seluruh pengambilan keputusan strategis K/L/D, strategis unit kerja, dan operasional unit kerja telah mempertimbangkan risiko dan memberikan dampak bagi pencapaian tujuan organisasi | I76: 1 | J76: Telaahan Staf/Nota Dinas Hasil Analisis Risiko | R76: =IF(OR(L76="",L76="N/A"),"",IF(L76="Tidak Ada",0,IF(P76="","",IF(P76="Tidak Sesuai",0,IF(AND(N76="Ya",O76="Ya",P76="Sesuai"),1,0.5))))) | S76: =IF(L76="N/A","N/A",IF(R76="","Belum dinilai",IF(R76=1,"Memenuhi",IF(R76=0,"Tidak Memenuhi","Memenuhi Sebagian")))) | T76: 1.3-3 | U76: =IF(COUNT(R76:R79)=0,"",SUM(R76:R79)/COUNT(R76:R79))
E77: A | I77: 2 | J77: Notulen/Notula Rapat Pimpinan yang Memuat Hasil Manajemen Risiko dan Keputusan | R77: =IF(OR(L77="",L77="N/A"),"",IF(L77="Tidak Ada",0,IF(P77="","",IF(P77="Tidak Sesuai",0,IF(AND(N77="Ya",O77="Ya",P77="Sesuai"),1,0.5))))) | S77: =IF(L77="N/A","N/A",IF(R77="","Belum dinilai",IF(R77=1,"Memenuhi",IF(R77=0,"Tidak Memenuhi","Memenuhi Sebagian")))) | T77: 1.3-3
E78: A | I78: 3 | J78: Dokumen Penetapan Prioritas Kegiatan yang Menggunakan Hasil Penilaian Risiko | R78: =IF(OR(L78="",L78="N/A"),"",IF(L78="Tidak Ada",0,IF(P78="","",IF(P78="Tidak Sesuai",0,IF(AND(N78="Ya",O78="Ya",P78="Sesuai"),1,0.5))))) | S78: =IF(L78="N/A","N/A",IF(R78="","Belum dinilai",IF(R78=1,"Memenuhi",IF(R78=0,"Tidak Memenuhi","Memenuhi Sebagian")))) | T78: 1.3-3
E79: A | I79: 4 | J79: Bukti Dampak Keputusan terhadap Pencapaian Tujuan/Kinerja | R79: =IF(OR(L79="",L79="N/A"),"",IF(L79="Tidak Ada",0,IF(P79="","",IF(P79="Tidak Sesuai",0,IF(AND(N79="Ya",O79="Ya",P79="Sesuai"),1,0.5))))) | S79: =IF(L79="N/A","N/A",IF(R79="","Belum dinilai",IF(R79=1,"Memenuhi",IF(R79=0,"Tidak Memenuhi","Memenuhi Sebagian")))) | T79: 1.3-3
E80: B | F80: B – Evaluasi & Tindak Lanjut | G80: Seluruh pengambilan keputusan strategis K/L/D, strategis unit kerja, dan operasional unit kerja telah mempertimbangkan risiko | H80: Seluruh pengambilan keputusan strategis K/L/D, strategis unit kerja, dan operasional unit kerja telah mempertimbangkan risiko | I80: 1 | J80: Telaahan Staf/Nota Dinas Hasil Analisis Risiko | R80: =IF(OR(L80="",L80="N/A"),"",IF(L80="Tidak Ada",0,IF(P80="","",IF(P80="Tidak Sesuai",0,IF(AND(N80="Ya",O80="Ya",P80="Sesuai"),1,0.5))))) | S80: =IF(L80="N/A","N/A",IF(R80="","Belum dinilai",IF(R80=1,"Memenuhi",IF(R80=0,"Tidak Memenuhi","Memenuhi Sebagian")))) | T80: 1.3-3 | U80: =IF(COUNT(R80:R82)=0,"",SUM(R80:R82)/COUNT(R80:R82))
E81: B | I81: 2 | J81: Notulen/Notula Rapat Pimpinan yang Memuat Hasil Manajemen Risiko dan Keputusan | R81: =IF(OR(L81="",L81="N/A"),"",IF(L81="Tidak Ada",0,IF(P81="","",IF(P81="Tidak Sesuai",0,IF(AND(N81="Ya",O81="Ya",P81="Sesuai"),1,0.5))))) | S81: =IF(L81="N/A","N/A",IF(R81="","Belum dinilai",IF(R81=1,"Memenuhi",IF(R81=0,"Tidak Memenuhi","Memenuhi Sebagian")))) | T81: 1.3-3
E82: B | I82: 3 | J82: Dokumen Penetapan Prioritas Kegiatan yang Menggunakan Hasil Penilaian Risiko | R82: =IF(OR(L82="",L82="N/A"),"",IF(L82="Tidak Ada",0,IF(P82="","",IF(P82="Tidak Sesuai",0,IF(AND(N82="Ya",O82="Ya",P82="Sesuai"),1,0.5))))) | S82: =IF(L82="N/A","N/A",IF(R82="","Belum dinilai",IF(R82=1,"Memenuhi",IF(R82=0,"Tidak Memenuhi","Memenuhi Sebagian")))) | T82: 1.3-3
E83: C | F83: C – Implementasi | G83: Seluruh pengambilan keputusan strategis unit kerja dan operasional unit kerja telah mempertimbangkan risiko | H83: Seluruh pengambilan keputusan strategis unit kerja dan operasional unit kerja telah mempertimbangkan risiko | I83: 1 | J83: Telaahan Staf/Nota Dinas Hasil Analisis Risiko Unit Kerja | L83: Ada | M83: Renja, SK Renaksi | N83: Ya | O83: Ya | P83: Sesuai | R83: =IF(OR(L83="",L83="N/A"),"",IF(L83="Tidak Ada",0,IF(P83="","",IF(P83="Tidak Sesuai",0,IF(AND(N83="Ya",O83="Ya",P83="Sesuai"),1,0.5))))) | S83: =IF(L83="N/A","N/A",IF(R83="","Belum dinilai",IF(R83=1,"Memenuhi",IF(R83=0,"Tidak Memenuhi","Memenuhi Sebagian")))) | T83: 1.3-3 | U83: =IF(COUNT(R83:R85)=0,"",SUM(R83:R85)/COUNT(R83:R85))
E84: C | I84: 2 | J84: Notulen/Notula Rapat Pimpinan Unit Kerja yang Memuat Hasil Manajemen Risiko | R84: =IF(OR(L84="",L84="N/A"),"",IF(L84="Tidak Ada",0,IF(P84="","",IF(P84="Tidak Sesuai",0,IF(AND(N84="Ya",O84="Ya",P84="Sesuai"),1,0.5))))) | S84: =IF(L84="N/A","N/A",IF(R84="","Belum dinilai",IF(R84=1,"Memenuhi",IF(R84=0,"Tidak Memenuhi","Memenuhi Sebagian")))) | T84: 1.3-3
E85: C | I85: 3 | J85: Dokumen Penetapan Prioritas Kegiatan Unit Kerja yang Menggunakan Hasil Penilaian Risiko | R85: =IF(OR(L85="",L85="N/A"),"",IF(L85="Tidak Ada",0,IF(P85="","",IF(P85="Tidak Sesuai",0,IF(AND(N85="Ya",O85="Ya",P85="Sesuai"),1,0.5))))) | S85: =IF(L85="N/A","N/A",IF(R85="","Belum dinilai",IF(R85=1,"Memenuhi",IF(R85=0,"Tidak Memenuhi","Memenuhi Sebagian")))) | T85: 1.3-3
E86: D | F86: D – Komunikasi & Pemahaman | G86: Seluruh pengambilan keputusan operasional unit kerja telah mempertimbangkan risiko | H86: Seluruh pengambilan keputusan operasional unit kerja telah mempertimbangkan risiko | I86: 1 | J86: Telaahan Staf/Nota Dinas Hasil Analisis Risiko Operasional | R86: =IF(OR(L86="",L86="N/A"),"",IF(L86="Tidak Ada",0,IF(P86="","",IF(P86="Tidak Sesuai",0,IF(AND(N86="Ya",O86="Ya",P86="Sesuai"),1,0.5))))) | S86: =IF(L86="N/A","N/A",IF(R86="","Belum dinilai",IF(R86=1,"Memenuhi",IF(R86=0,"Tidak Memenuhi","Memenuhi Sebagian")))) | T86: 1.3-3 | U86: =IF(COUNT(R86:R87)=0,"",SUM(R86:R87)/COUNT(R86:R87))
E87: D | I87: 2 | J87: Notulen/Notula Rapat Pimpinan/Koordinasi yang Memuat Hasil Manajemen Risiko Operasional | R87: =IF(OR(L87="",L87="N/A"),"",IF(L87="Tidak Ada",0,IF(P87="","",IF(P87="Tidak Sesuai",0,IF(AND(N87="Ya",O87="Ya",P87="Sesuai"),1,0.5))))) | S87: =IF(L87="N/A","N/A",IF(R87="","Belum dinilai",IF(R87=1,"Memenuhi",IF(R87=0,"Tidak Memenuhi","Memenuhi Sebagian")))) | T87: 1.3-3
E88: E | F88: E – Kebijakan/Formalitas | G88: Sebagian pengambilan keputusan operasional unit kerja telah mempertimbangkan risiko | H88: Sebagian pengambilan keputusan operasional unit kerja telah mempertimbangkan risiko | I88: 1 | J88: Telaahan Staf/Nota Dinas Hasil Analisis Risiko Operasional | R88: =IF(OR(L88="",L88="N/A"),"",IF(L88="Tidak Ada",0,IF(P88="","",IF(P88="Tidak Sesuai",0,IF(AND(N88="Ya",O88="Ya",P88="Sesuai"),1,0.5))))) | S88: =IF(L88="N/A","N/A",IF(R88="","Belum dinilai",IF(R88=1,"Memenuhi",IF(R88=0,"Tidak Memenuhi","Memenuhi Sebagian")))) | T88: 1.3-3 | U88: =IF(COUNT(R88:R89)=0,"",SUM(R88:R89)/COUNT(R88:R89))
E89: E | I89: 2 | J89: Notulen/Notula Rapat yang Memuat Hasil Manajemen Risiko Operasional | R89: =IF(OR(L89="",L89="N/A"),"",IF(L89="Tidak Ada",0,IF(P89="","",IF(P89="Tidak Sesuai",0,IF(AND(N89="Ya",O89="Ya",P89="Sesuai"),1,0.5))))) | S89: =IF(L89="N/A","N/A",IF(R89="","Belum dinilai",IF(R89=1,"Memenuhi",IF(R89=0,"Tidak Memenuhi","Memenuhi Sebagian")))) | T89: 1.3-3
A90: 1.3 | B90: Kepemimpinan yang Kondusif | C90: 4 | D90: Pimpinan K/L/D mendorong penerapan manajemen risiko, melalui penggunaan kinerja penerapan manajemen risiko sebagai indikator penilaian kinerja | E90: A | F90: A – Perbaikan Berkelanjutan | G90: Kinerja penerapan manajemen risiko digunakan sebagai dasar penilaian kinerja pada seluruh UPR tingkatan operasional unit kerja, seluruh UPR tingkatan strategis unit kerja, dan UPR tingkat strategis K/L/D secara memadai dan telah dievaluasi pencapaiannya | H90: Kinerja penerapan manajemen risiko digunakan sebagai dasar penilaian kinerja pada seluruh UPR tingkatan operasional unit kerja, seluruh UPR tingkatan strategis unit kerja, dan UPR tingkat strategis K/L/D secara memadai dan telah dievaluasi pencapaiannya | I90: 1 | J90: Renstra/Renja/Perjanjian Kinerja yang Memuat Indikator Kinerja Penerapan Manajemen Risiko | R90: =IF(OR(L90="",L90="N/A"),"",IF(L90="Tidak Ada",0,IF(P90="","",IF(P90="Tidak Sesuai",0,IF(AND(N90="Ya",O90="Ya",P90="Sesuai"),1,0.5))))) | S90: =IF(L90="N/A","N/A",IF(R90="","Belum dinilai",IF(R90=1,"Memenuhi",IF(R90=0,"Tidak Memenuhi","Memenuhi Sebagian")))) | T90: 1.3-4 | U90: =IF(COUNT(R90:R93)=0,"",SUM(R90:R93)/COUNT(R90:R93))
E91: A | I91: 2 | J91: SKP Pejabat/Pegawai yang Memuat Indikator Kinerja Penerapan Manajemen Risiko | R91: =IF(OR(L91="",L91="N/A"),"",IF(L91="Tidak Ada",0,IF(P91="","",IF(P91="Tidak Sesuai",0,IF(AND(N91="Ya",O91="Ya",P91="Sesuai"),1,0.5))))) | S91: =IF(L91="N/A","N/A",IF(R91="","Belum dinilai",IF(R91=1,"Memenuhi",IF(R91=0,"Tidak Memenuhi","Memenuhi Sebagian")))) | T91: 1.3-4
E92: A | I92: 3 | J92: Laporan Capaian Kinerja Penerapan Manajemen Risiko | R92: =IF(OR(L92="",L92="N/A"),"",IF(L92="Tidak Ada",0,IF(P92="","",IF(P92="Tidak Sesuai",0,IF(AND(N92="Ya",O92="Ya",P92="Sesuai"),1,0.5))))) | S92: =IF(L92="N/A","N/A",IF(R92="","Belum dinilai",IF(R92=1,"Memenuhi",IF(R92=0,"Tidak Memenuhi","Memenuhi Sebagian")))) | T92: 1.3-4
E93: A | I93: 4 | J93: Laporan Evaluasi Pencapaian Kinerja Penerapan Manajemen Risiko | R93: =IF(OR(L93="",L93="N/A"),"",IF(L93="Tidak Ada",0,IF(P93="","",IF(P93="Tidak Sesuai",0,IF(AND(N93="Ya",O93="Ya",P93="Sesuai"),1,0.5))))) | S93: =IF(L93="N/A","N/A",IF(R93="","Belum dinilai",IF(R93=1,"Memenuhi",IF(R93=0,"Tidak Memenuhi","Memenuhi Sebagian")))) | T93: 1.3-4
E94: B | F94: B – Evaluasi & Tindak Lanjut | G94: Kinerja penerapan manajemen risiko digunakan sebagai dasar penilaian kinerja pada seluruh UPR tingkatan operasional unit kerja, seluruh UPR tingkatan strategis unit kerja, dan UPR tingkat strategis K/L/D secara memadai | H94: Kinerja penerapan manajemen risiko digunakan sebagai dasar penilaian kinerja pada seluruh UPR tingkatan operasional unit kerja, seluruh UPR tingkatan strategis unit kerja, dan UPR tingkat strategis K/L/D secara memadai | I94: 1 | J94: Renstra/Renja/Perjanjian Kinerja yang Memuat Indikator Kinerja Penerapan Manajemen Risiko | R94: =IF(OR(L94="",L94="N/A"),"",IF(L94="Tidak Ada",0,IF(P94="","",IF(P94="Tidak Sesuai",0,IF(AND(N94="Ya",O94="Ya",P94="Sesuai"),1,0.5))))) | S94: =IF(L94="N/A","N/A",IF(R94="","Belum dinilai",IF(R94=1,"Memenuhi",IF(R94=0,"Tidak Memenuhi","Memenuhi Sebagian")))) | T94: 1.3-4 | U94: =IF(COUNT(R94:R96)=0,"",SUM(R94:R96)/COUNT(R94:R96))
E95: B | I95: 2 | J95: SKP Pejabat/Pegawai yang Memuat Indikator Kinerja Penerapan Manajemen Risiko | R95: =IF(OR(L95="",L95="N/A"),"",IF(L95="Tidak Ada",0,IF(P95="","",IF(P95="Tidak Sesuai",0,IF(AND(N95="Ya",O95="Ya",P95="Sesuai"),1,0.5))))) | S95: =IF(L95="N/A","N/A",IF(R95="","Belum dinilai",IF(R95=1,"Memenuhi",IF(R95=0,"Tidak Memenuhi","Memenuhi Sebagian")))) | T95: 1.3-4
E96: B | I96: 3 | J96: Laporan Capaian Kinerja Penerapan Manajemen Risiko | R96: =IF(OR(L96="",L96="N/A"),"",IF(L96="Tidak Ada",0,IF(P96="","",IF(P96="Tidak Sesuai",0,IF(AND(N96="Ya",O96="Ya",P96="Sesuai"),1,0.5))))) | S96: =IF(L96="N/A","N/A",IF(R96="","Belum dinilai",IF(R96=1,"Memenuhi",IF(R96=0,"Tidak Memenuhi","Memenuhi Sebagian")))) | T96: 1.3-4
E97: C | F97: C – Implementasi | G97: Kinerja penerapan manajemen risiko digunakan sebagai dasar penilaian kinerja pada seluruh UPR tingkatan operasional unit kerja dan seluruh UPR tingkatan strategis unit kerja secara memadai | H97: Kinerja penerapan manajemen risiko digunakan sebagai dasar penilaian kinerja pada seluruh UPR tingkatan operasional unit kerja dan seluruh UPR tingkatan strategis unit kerja secara memadai | I97: 1 | J97: Renja/Perjanjian Kinerja Unit Kerja yang Memuat Indikator Kinerja Penerapan Manajemen Risiko | L97: Ada | M97: SK IKU, PK Inspektur | N97: Ya | O97: Ya | P97: Sesuai | R97: =IF(OR(L97="",L97="N/A"),"",IF(L97="Tidak Ada",0,IF(P97="","",IF(P97="Tidak Sesuai",0,IF(AND(N97="Ya",O97="Ya",P97="Sesuai"),1,0.5))))) | S97: =IF(L97="N/A","N/A",IF(R97="","Belum dinilai",IF(R97=1,"Memenuhi",IF(R97=0,"Tidak Memenuhi","Memenuhi Sebagian")))) | T97: 1.3-4 | U97: =IF(COUNT(R97:R99)=0,"",SUM(R97:R99)/COUNT(R97:R99))
E98: C | I98: 2 | J98: SKP Pejabat/Pegawai Unit Kerja yang Memuat Indikator Kinerja Penerapan Manajemen Risiko | L98: Ada | M98: SKP Auditor Irban II (PPTK) | N98: Ya | O98: Ya | P98: Sesuai | R98: =IF(OR(L98="",L98="N/A"),"",IF(L98="Tidak Ada",0,IF(P98="","",IF(P98="Tidak Sesuai",0,IF(AND(N98="Ya",O98="Ya",P98="Sesuai"),1,0.5))))) | S98: =IF(L98="N/A","N/A",IF(R98="","Belum dinilai",IF(R98=1,"Memenuhi",IF(R98=0,"Tidak Memenuhi","Memenuhi Sebagian")))) | T98: 1.3-4
E99: C | I99: 3 | J99: Laporan Capaian Kinerja Penerapan Manajemen Risiko Unit Kerja | R99: =IF(OR(L99="",L99="N/A"),"",IF(L99="Tidak Ada",0,IF(P99="","",IF(P99="Tidak Sesuai",0,IF(AND(N99="Ya",O99="Ya",P99="Sesuai"),1,0.5))))) | S99: =IF(L99="N/A","N/A",IF(R99="","Belum dinilai",IF(R99=1,"Memenuhi",IF(R99=0,"Tidak Memenuhi","Memenuhi Sebagian")))) | T99: 1.3-4
E100: D | F100: D – Komunikasi & Pemahaman | G100: Kinerja penerapan manajemen risiko digunakan sebagai dasar penilaian kinerja pada seluruh UPR tingkatan operasional unit kerja secara memadai | H100: Kinerja penerapan manajemen risiko digunakan sebagai dasar penilaian kinerja pada seluruh UPR tingkatan operasional unit kerja secara memadai | I100: 1 | J100: Renja/Rencana Aksi Unit Kerja yang Memuat Indikator Kinerja Penerapan Manajemen Risiko | R100: =IF(OR(L100="",L100="N/A"),"",IF(L100="Tidak Ada",0,IF(P100="","",IF(P100="Tidak Sesuai",0,IF(AND(N100="Ya",O100="Ya",P100="Sesuai"),1,0.5))))) | S100: =IF(L100="N/A","N/A",IF(R100="","Belum dinilai",IF(R100=1,"Memenuhi",IF(R100=0,"Tidak Memenuhi","Memenuhi Sebagian")))) | T100: 1.3-4 | U100: =IF(COUNT(R100:R102)=0,"",SUM(R100:R102)/COUNT(R100:R102))
E101: D | I101: 2 | J101: SKP Pejabat/Pegawai Unit Kerja yang Memuat Indikator Kinerja Penerapan Manajemen Risiko | R101: =IF(OR(L101="",L101="N/A"),"",IF(L101="Tidak Ada",0,IF(P101="","",IF(P101="Tidak Sesuai",0,IF(AND(N101="Ya",O101="Ya",P101="Sesuai"),1,0.5))))) | S101: =IF(L101="N/A","N/A",IF(R101="","Belum dinilai",IF(R101=1,"Memenuhi",IF(R101=0,"Tidak Memenuhi","Memenuhi Sebagian")))) | T101: 1.3-4
...

Sheet Rekap Parameter
A1: REKAPITULASI HASIL PENJAMINAN KUALITAS / QUALITY ASSURANCE APIP PER PARAMETER DAN GRADE
A2: ="OPD: "&IF(Petunjuk!$C$5="","..........",Petunjuk!$C$5)&" | Tahun Penilaian: "&IF(Petunjuk!$C$6="","....",Petunjuk!$C$6)
A4: No | B4: Kode Subunsur | C4: Uraian Subunsur | D4: No Par. | E4: Uraian Parameter | F4: Jml Item | G4: Item N/A | H4: Item Dinilai | I4: Belum Dinilai | J4: % Grade E | K4: % Grade D | L4: % Grade C | M4: % Grade B | N4: % Grade A | O4: % Pemenuhan Parameter | P4: Grade Indikatif | Q4: Level Indikatif | R4: Grade berikutnya yang perlu dilengkapi
A5: 1 | B5: 1.1 | C5: Penegakan Integritas dan Nilai Etika | D5: 1 | E5: =IFERROR(INDEX(FILTER('KK Penjaminan Kualitas'!$D$6:$D$676,'KK Penjaminan Kualitas'!$A$6:$A$676=B5,'KK Penjaminan Kualitas'!$C$6:$C$676=D5),1),"") | F5: =COUNTIFS('KK Penjaminan Kualitas'!$T$6:$T$676,$S5,'KK Penjaminan Kualitas'!$J$6:$J$676,"<>") | G5: =COUNTIFS('KK Penjaminan Kualitas'!$T$6:$T$676,$S5,'KK Penjaminan Kualitas'!$L$6:$L$676,"N/A") | H5: =SUMPRODUCT(('KK Penjaminan Kualitas'!$T$6:$T$676=$S5)*ISNUMBER('KK Penjaminan Kualitas'!$R$6:$R$676)) | I5: =F5-G5-H5 | J5: =IFERROR(SUMIFS('KK Penjaminan Kualitas'!$R$6:$R$676,'KK Penjaminan Kualitas'!$T$6:$T$676,$S5,'KK Penjaminan Kualitas'!$E$6:$E$676,"E")/SUMPRODUCT(('KK Penjaminan Kualitas'!$T$6:$T$676=$S5)*('KK Penjaminan Kualitas'!$E$6:$E$676="E")*ISNUMBER('KK Penjaminan Kualitas'!$R$6:$R$676)),"") | K5: =IFERROR(SUMIFS('KK Penjaminan Kualitas'!$R$6:$R$676,'KK Penjaminan Kualitas'!$T$6:$T$676,$S5,'KK Penjaminan Kualitas'!$E$6:$E$676,"D")/SUMPRODUCT(('KK Penjaminan Kualitas'!$T$6:$T$676=$S5)*('KK Penjaminan Kualitas'!$E$6:$E$676="D")*ISNUMBER('KK Penjaminan Kualitas'!$R$6:$R$676)),"") | L5: =IFERROR(SUMIFS('KK Penjaminan Kualitas'!$R$6:$R$676,'KK Penjaminan Kualitas'!$T$6:$T$676,$S5,'KK Penjaminan Kualitas'!$E$6:$E$676,"C")/SUMPRODUCT(('KK Penjaminan Kualitas'!$T$6:$T$676=$S5)*('KK Penjaminan Kualitas'!$E$6:$E$676="C")*ISNUMBER('KK Penjaminan Kualitas'!$R$6:$R$676)),"") | M5: =IFERROR(SUMIFS('KK Penjaminan Kualitas'!$R$6:$R$676,'KK Penjaminan Kualitas'!$T$6:$T$676,$S5,'KK Penjaminan Kualitas'!$E$6:$E$676,"B")/SUMPRODUCT(('KK Penjaminan Kualitas'!$T$6:$T$676=$S5)*('KK Penjaminan Kualitas'!$E$6:$E$676="B")*ISNUMBER('KK Penjaminan Kualitas'!$R$6:$R$676)),"") | N5: =IFERROR(SUMIFS('KK Penjaminan Kualitas'!$R$6:$R$676,'KK Penjaminan Kualitas'!$T$6:$T$676,$S5,'KK Penjaminan Kualitas'!$E$6:$E$676,"A")/SUMPRODUCT(('KK Penjaminan Kualitas'!$T$6:$T$676=$S5)*('KK Penjaminan Kualitas'!$E$6:$E$676="A")*ISNUMBER('KK Penjaminan Kualitas'!$R$6:$R$676)),"") | O5: =IF(H5=0,"",SUMIFS('KK Penjaminan Kualitas'!$R$6:$R$676,'KK Penjaminan Kualitas'!$T$6:$T$676,$S5)/H5) | P5: =IF(Q5="","",IF(Q5=0,"< E",MID("EDCBA",Q5,1))) | Q5: =IF(H5=0,"",IF(NOT(AND(ISNUMBER(J5),J5>=Petunjuk!$C$14)),0,IF(NOT(AND(ISNUMBER(K5),K5>=Petunjuk!$C$14)),1,IF(NOT(AND(ISNUMBER(L5),L5>=Petunjuk!$C$14)),2,IF(NOT(AND(ISNUMBER(M5),M5>=Petunjuk!$C$14)),3,IF(NOT(AND(ISNUMBER(N5),N5>=Petunjuk!$C$14)),4,5)))))) | R5: =IF(Q5="","Belum dinilai",IF(Q5=5,"Seluruh grade terpenuhi","Lengkapi evidence Grade "&MID("EDCBA",Q5+1,1)&IF(I5>0," ("&I5&" item belum dinilai)",""))) | S5: 1.1-1
A6: 2 | B6: 1.2 | C6: Komitmen terhadap Kompetensi | D6: 1 | E6: =IFERROR(INDEX(FILTER('KK Penjaminan Kualitas'!$D$6:$D$676,'KK Penjaminan Kualitas'!$A$6:$A$676=B6,'KK Penjaminan Kualitas'!$C$6:$C$676=D6),1),"") | F6: =COUNTIFS('KK Penjaminan Kualitas'!$T$6:$T$676,$S6,'KK Penjaminan Kualitas'!$J$6:$J$676,"<>") | G6: =COUNTIFS('KK Penjaminan Kualitas'!$T$6:$T$676,$S6,'KK Penjaminan Kualitas'!$L$6:$L$676,"N/A") | H6: =SUMPRODUCT(('KK Penjaminan Kualitas'!$T$6:$T$676=$S6)*ISNUMBER('KK Penjaminan Kualitas'!$R$6:$R$676)) | I6: =F6-G6-H6 | J6: =IFERROR(SUMIFS('KK Penjaminan Kualitas'!$R$6:$R$676,'KK Penjaminan Kualitas'!$T$6:$T$676,$S6,'KK Penjaminan Kualitas'!$E$6:$E$676,"E")/SUMPRODUCT(('KK Penjaminan Kualitas'!$T$6:$T$676=$S6)*('KK Penjaminan Kualitas'!$E$6:$E$676="E")*ISNUMBER('KK Penjaminan Kualitas'!$R$6:$R$676)),"") | K6: =IFERROR(SUMIFS('KK Penjaminan Kualitas'!$R$6:$R$676,'KK Penjaminan Kualitas'!$T$6:$T$676,$S6,'KK Penjaminan Kualitas'!$E$6:$E$676,"D")/SUMPRODUCT(('KK Penjaminan Kualitas'!$T$6:$T$676=$S6)*('KK Penjaminan Kualitas'!$E$6:$E$676="D")*ISNUMBER('KK Penjaminan Kualitas'!$R$6:$R$676)),"") | L6: =IFERROR(SUMIFS('KK Penjaminan Kualitas'!$R$6:$R$676,'KK Penjaminan Kualitas'!$T$6:$T$676,$S6,'KK Penjaminan Kualitas'!$E$6:$E$676,"C")/SUMPRODUCT(('KK Penjaminan Kualitas'!$T$6:$T$676=$S6)*('KK Penjaminan Kualitas'!$E$6:$E$676="C")*ISNUMBER('KK Penjaminan Kualitas'!$R$6:$R$676)),"") | M6: =IFERROR(SUMIFS('KK Penjaminan Kualitas'!$R$6:$R$676,'KK Penjaminan Kualitas'!$T$6:$T$676,$S6,'KK Penjaminan Kualitas'!$E$6:$E$676,"B")/SUMPRODUCT(('KK Penjaminan Kualitas'!$T$6:$T$676=$S6)*('KK Penjaminan Kualitas'!$E$6:$E$676="B")*ISNUMBER('KK Penjaminan Kualitas'!$R$6:$R$676)),"") | N6: =IFERROR(SUMIFS('KK Penjaminan Kualitas'!$R$6:$R$676,'KK Penjaminan Kualitas'!$T$6:$T$676,$S6,'KK Penjaminan Kualitas'!$E$6:$E$676,"A")/SUMPRODUCT(('KK Penjaminan Kualitas'!$T$6:$T$676=$S6)*('KK Penjaminan Kualitas'!$E$6:$E$676="A")*ISNUMBER('KK Penjaminan Kualitas'!$R$6:$R$676)),"") | O6: =IF(H6=0,"",SUMIFS('KK Penjaminan Kualitas'!$R$6:$R$676,'KK Penjaminan Kualitas'!$T$6:$T$676,$S6)/H6) | P6: =IF(Q6="","",IF(Q6=0,"< E",MID("EDCBA",Q6,1))) | Q6: =IF(H6=0,"",IF(NOT(AND(ISNUMBER(J6),J6>=Petunjuk!$C$14)),0,IF(NOT(AND(ISNUMBER(K6),K6>=Petunjuk!$C$14)),1,IF(NOT(AND(ISNUMBER(L6),L6>=Petunjuk!$C$14)),2,IF(NOT(AND(ISNUMBER(M6),M6>=Petunjuk!$C$14)),3,IF(NOT(AND(ISNUMBER(N6),N6>=Petunjuk!$C$14)),4,5)))))) | R6: =IF(Q6="","Belum dinilai",IF(Q6=5,"Seluruh grade terpenuhi","Lengkapi evidence Grade "&MID("EDCBA",Q6+1,1)&IF(I6>0," ("&I6&" item belum dinilai)",""))) | S6: 1.2-1
A7: 3 | B7: 1.3 | C7: Kepemimpinan yang Kondusif | D7: 1 | E7: =IFERROR(INDEX(FILTER('KK Penjaminan Kualitas'!$D$6:$D$676,'KK Penjaminan Kualitas'!$A$6:$A$676=B7,'KK Penjaminan Kualitas'!$C$6:$C$676=D7),1),"") | F7: =COUNTIFS('KK Penjaminan Kualitas'!$T$6:$T$676,$S7,'KK Penjaminan Kualitas'!$J$6:$J$676,"<>") | G7: =COUNTIFS('KK Penjaminan Kualitas'!$T$6:$T$676,$S7,'KK Penjaminan Kualitas'!$L$6:$L$676,"N/A") | H7: =SUMPRODUCT(('KK Penjaminan Kualitas'!$T$6:$T$676=$S7)*ISNUMBER('KK Penjaminan Kualitas'!$R$6:$R$676)) | I7: =F7-G7-H7 | J7: =IFERROR(SUMIFS('KK Penjaminan Kualitas'!$R$6:$R$676,'KK Penjaminan Kualitas'!$T$6:$T$676,$S7,'KK Penjaminan Kualitas'!$E$6:$E$676,"E")/SUMPRODUCT(('KK Penjaminan Kualitas'!$T$6:$T$676=$S7)*('KK Penjaminan Kualitas'!$E$6:$E$676="E")*ISNUMBER('KK Penjaminan Kualitas'!$R$6:$R$676)),"") | K7: =IFERROR(SUMIFS('KK Penjaminan Kualitas'!$R$6:$R$676,'KK Penjaminan Kualitas'!$T$6:$T$676,$S7,'KK Penjaminan Kualitas'!$E$6:$E$676,"D")/SUMPRODUCT(('KK Penjaminan Kualitas'!$T$6:$T$676=$S7)*('KK Penjaminan Kualitas'!$E$6:$E$676="D")*ISNUMBER('KK Penjaminan Kualitas'!$R$6:$R$676)),"") | L7: =IFERROR(SUMIFS('KK Penjaminan Kualitas'!$R$6:$R$676,'KK Penjaminan Kualitas'!$T$6:$T$676,$S7,'KK Penjaminan Kualitas'!$E$6:$E$676,"C")/SUMPRODUCT(('KK Penjaminan Kualitas'!$T$6:$T$676=$S7)*('KK Penjaminan Kualitas'!$E$6:$E$676="C")*ISNUMBER('KK Penjaminan Kualitas'!$R$6:$R$676)),"") | M7: =IFERROR(SUMIFS('KK Penjaminan Kualitas'!$R$6:$R$676,'KK Penjaminan Kualitas'!$T$6:$T$676,$S7,'KK Penjaminan Kualitas'!$E$6:$E$676,"B")/SUMPRODUCT(('KK Penjaminan Kualitas'!$T$6:$T$676=$S7)*('KK Penjaminan Kualitas'!$E$6:$E$676="B")*ISNUMBER('KK Penjaminan Kualitas'!$R$6:$R$676)),"") | N7: =IFERROR(SUMIFS('KK Penjaminan Kualitas'!$R$6:$R$676,'KK Penjaminan Kualitas'!$T$6:$T$676,$S7,'KK Penjaminan Kualitas'!$E$6:$E$676,"A")/SUMPRODUCT(('KK Penjaminan Kualitas'!$T$6:$T$676=$S7)*('KK Penjaminan Kualitas'!$E$6:$E$676="A")*ISNUMBER('KK Penjaminan Kualitas'!$R$6:$R$676)),"") | O7: =IF(H7=0,"",SUMIFS('KK Penjaminan Kualitas'!$R$6:$R$676,'KK Penjaminan Kualitas'!$T$6:$T$676,$S7)/H7) | P7: =IF(Q7="","",IF(Q7=0,"< E",MID("EDCBA",Q7,1))) | Q7: =IF(H7=0,"",IF(NOT(AND(ISNUMBER(J7),J7>=Petunjuk!$C$14)),0,IF(NOT(AND(ISNUMBER(K7),K7>=Petunjuk!$C$14)),1,IF(NOT(AND(ISNUMBER(L7),L7>=Petunjuk!$C$14)),2,IF(NOT(AND(ISNUMBER(M7),M7>=Petunjuk!$C$14)),3,IF(NOT(AND(ISNUMBER(N7),N7>=Petunjuk!$C$14)),4,5)))))) | R7: =IF(Q7="","Belum dinilai",IF(Q7=5,"Seluruh grade terpenuhi","Lengkapi evidence Grade "&MID("EDCBA",Q7+1,1)&IF(I7>0," ("&I7&" item belum dinilai)",""))) | S7: 1.3-1
A8: 4 | B8: 1.3 | C8: Kepemimpinan yang Kondusif | D8: 2 | E8: =IFERROR(INDEX(FILTER('KK Penjaminan Kualitas'!$D$6:$D$676,'KK Penjaminan Kualitas'!$A$6:$A$676=B8,'KK Penjaminan Kualitas'!$C$6:$C$676=D8),1),"") | F8: =COUNTIFS('KK Penjaminan Kualitas'!$T$6:$T$676,$S8,'KK Penjaminan Kualitas'!$J$6:$J$676,"<>") | G8: =COUNTIFS('KK Penjaminan Kualitas'!$T$6:$T$676,$S8,'KK Penjaminan Kualitas'!$L$6:$L$676,"N/A") | H8: =SUMPRODUCT(('KK Penjaminan Kualitas'!$T$6:$T$676=$S8)*ISNUMBER('KK Penjaminan Kualitas'!$R$6:$R$676)) | I8: =F8-G8-H8 | J8: =IFERROR(SUMIFS('KK Penjaminan Kualitas'!$R$6:$R$676,'KK Penjaminan Kualitas'!$T$6:$T$676,$S8,'KK Penjaminan Kualitas'!$E$6:$E$676,"E")/SUMPRODUCT(('KK Penjaminan Kualitas'!$T$6:$T$676=$S8)*('KK Penjaminan Kualitas'!$E$6:$E$676="E")*ISNUMBER('KK Penjaminan Kualitas'!$R$6:$R$676)),"") | K8: =IFERROR(SUMIFS('KK Penjaminan Kualitas'!$R$6:$R$676,'KK Penjaminan Kualitas'!$T$6:$T$676,$S8,'KK Penjaminan Kualitas'!$E$6:$E$676,"D")/SUMPRODUCT(('KK Penjaminan Kualitas'!$T$6:$T$676=$S8)*('KK Penjaminan Kualitas'!$E$6:$E$676="D")*ISNUMBER('KK Penjaminan Kualitas'!$R$6:$R$676)),"") | L8: =IFERROR(SUMIFS('KK Penjaminan Kualitas'!$R$6:$R$676,'KK Penjaminan Kualitas'!$T$6:$T$676,$S8,'KK Penjaminan Kualitas'!$E$6:$E$676,"C")/SUMPRODUCT(('KK Penjaminan Kualitas'!$T$6:$T$676=$S8)*('KK Penjaminan Kualitas'!$E$6:$E$676="C")*ISNUMBER('KK Penjaminan Kualitas'!$R$6:$R$676)),"") | M8: =IFERROR(SUMIFS('KK Penjaminan Kualitas'!$R$6:$R$676,'KK Penjaminan Kualitas'!$T$6:$T$676,$S8,'KK Penjaminan Kualitas'!$E$6:$E$676,"B")/SUMPRODUCT(('KK Penjaminan Kualitas'!$T$6:$T$676=$S8)*('KK Penjaminan Kualitas'!$E$6:$E$676="B")*ISNUMBER('KK Penjaminan Kualitas'!$R$6:$R$676)),"") | N8: =IFERROR(SUMIFS('KK Penjaminan Kualitas'!$R$6:$R$676,'KK Penjaminan Kualitas'!$T$6:$T$676,$S8,'KK Penjaminan Kualitas'!$E$6:$E$676,"A")/SUMPRODUCT(('KK Penjaminan Kualitas'!$T$6:$T$676=$S8)*('KK Penjaminan Kualitas'!$E$6:$E$676="A")*ISNUMBER('KK Penjaminan Kualitas'!$R$6:$R$676)),"") | O8: =IF(H8=0,"",SUMIFS('KK Penjaminan Kualitas'!$R$6:$R$676,'KK Penjaminan Kualitas'!$T$6:$T$676,$S8)/H8) | P8: =IF(Q8="","",IF(Q8=0,"< E",MID("EDCBA",Q8,1))) | Q8: =IF(H8=0,"",IF(NOT(AND(ISNUMBER(J8),J8>=Petunjuk!$C$14)),0,IF(NOT(AND(ISNUMBER(K8),K8>=Petunjuk!$C$14)),1,IF(NOT(AND(ISNUMBER(L8),L8>=Petunjuk!$C$14)),2,IF(NOT(AND(ISNUMBER(M8),M8>=Petunjuk!$C$14)),3,IF(NOT(AND(ISNUMBER(N8),N8>=Petunjuk!$C$14)),4,5)))))) | R8: =IF(Q8="","Belum dinilai",IF(Q8=5,"Seluruh grade terpenuhi","Lengkapi evidence Grade "&MID("EDCBA",Q8+1,1)&IF(I8>0," ("&I8&" item belum dinilai)",""))) | S8: 1.3-2
A9: 5 | B9: 1.3 | C9: Kepemimpinan yang Kondusif | D9: 3 | E9: =IFERROR(INDEX(FILTER('KK Penjaminan Kualitas'!$D$6:$D$676,'KK Penjaminan Kualitas'!$A$6:$A$676=B9,'KK Penjaminan Kualitas'!$C$6:$C$676=D9),1),"") | F9: =COUNTIFS('KK Penjaminan Kualitas'!$T$6:$T$676,$S9,'KK Penjaminan Kualitas'!$J$6:$J$676,"<>") | G9: =COUNTIFS('KK Penjaminan Kualitas'!$T$6:$T$676,$S9,'KK Penjaminan Kualitas'!$L$6:$L$676,"N/A") | H9: =SUMPRODUCT(('KK Penjaminan Kualitas'!$T$6:$T$676=$S9)*ISNUMBER('KK Penjaminan Kualitas'!$R$6:$R$676)) | I9: =F9-G9-H9 | J9: =IFERROR(SUMIFS('KK Penjaminan Kualitas'!$R$6:$R$676,'KK Penjaminan Kualitas'!$T$6:$T$676,$S9,'KK Penjaminan Kualitas'!$E$6:$E$676,"E")/SUMPRODUCT(('KK Penjaminan Kualitas'!$T$6:$T$676=$S9)*('KK Penjaminan Kualitas'!$E$6:$E$676="E")*ISNUMBER('KK Penjaminan Kualitas'!$R$6:$R$676)),"") | K9: =IFERROR(SUMIFS('KK Penjaminan Kualitas'!$R$6:$R$676,'KK Penjaminan Kualitas'!$T$6:$T$676,$S9,'KK Penjaminan Kualitas'!$E$6:$E$676,"D")/SUMPRODUCT(('KK Penjaminan Kualitas'!$T$6:$T$676=$S9)*('KK Penjaminan Kualitas'!$E$6:$E$676="D")*ISNUMBER('KK Penjaminan Kualitas'!$R$6:$R$676)),"") | L9: =IFERROR(SUMIFS('KK Penjaminan Kualitas'!$R$6:$R$676,'KK Penjaminan Kualitas'!$T$6:$T$676,$S9,'KK Penjaminan Kualitas'!$E$6:$E$676,"C")/SUMPRODUCT(('KK Penjaminan Kualitas'!$T$6:$T$676=$S9)*('KK Penjaminan Kualitas'!$E$6:$E$676="C")*ISNUMBER('KK Penjaminan Kualitas'!$R$6:$R$676)),"") | M9: =IFERROR(SUMIFS('KK Penjaminan Kualitas'!$R$6:$R$676,'KK Penjaminan Kualitas'!$T$6:$T$676,$S9,'KK Penjaminan Kualitas'!$E$6:$E$676,"B")/SUMPRODUCT(('KK Penjaminan Kualitas'!$T$6:$T$676=$S9)*('KK Penjaminan Kualitas'!$E$6:$E$676="B")*ISNUMBER('KK Penjaminan Kualitas'!$R$6:$R$676)),"") | N9: =IFERROR(SUMIFS('KK Penjaminan Kualitas'!$R$6:$R$676,'KK Penjaminan Kualitas'!$T$6:$T$676,$S9,'KK Penjaminan Kualitas'!$E$6:$E$676,"A")/SUMPRODUCT(('KK Penjaminan Kualitas'!$T$6:$T$676=$S9)*('KK Penjaminan Kualitas'!$E$6:$E$676="A")*ISNUMBER('KK Penjaminan Kualitas'!$R$6:$R$676)),"") | O9: =IF(H9=0,"",SUMIFS('KK Penjaminan Kualitas'!$R$6:$R$676,'KK Penjaminan Kualitas'!$T$6:$T$676,$S9)/H9) | P9: =IF(Q9="","",IF(Q9=0,"< E",MID("EDCBA",Q9,1))) | Q9: =IF(H9=0,"",IF(NOT(AND(ISNUMBER(J9),J9>=Petunjuk!$C$14)),0,IF(NOT(AND(ISNUMBER(K9),K9>=Petunjuk!$C$14)),1,IF(NOT(AND(ISNUMBER(L9),L9>=Petunjuk!$C$14)),2,IF(NOT(AND(ISNUMBER(M9),M9>=Petunjuk!$C$14)),3,IF(NOT(AND(ISNUMBER(N9),N9>=Petunjuk!$C$14)),4,5)))))) | R9: =IF(Q9="","Belum dinilai",IF(Q9=5,"Seluruh grade terpenuhi","Lengkapi evidence Grade "&MID("EDCBA",Q9+1,1)&IF(I9>0," ("&I9&" item belum dinilai)",""))) | S9: 1.3-3
A10: 6 | B10: 1.3 | C10: Kepemimpinan yang Kondusif | D10: 4 | E10: =IFERROR(INDEX(FILTER('KK Penjaminan Kualitas'!$D$6:$D$676,'KK Penjaminan Kualitas'!$A$6:$A$676=B10,'KK Penjaminan Kualitas'!$C$6:$C$676=D10),1),"") | F10: =COUNTIFS('KK Penjaminan Kualitas'!$T$6:$T$676,$S10,'KK Penjaminan Kualitas'!$J$6:$J$676,"<>") | G10: =COUNTIFS('KK Penjaminan Kualitas'!$T$6:$T$676,$S10,'KK Penjaminan Kualitas'!$L$6:$L$676,"N/A") | H10: =SUMPRODUCT(('KK Penjaminan Kualitas'!$T$6:$T$676=$S10)*ISNUMBER('KK Penjaminan Kualitas'!$R$6:$R$676)) | I10: =F10-G10-H10 | J10: =IFERROR(SUMIFS('KK Penjaminan Kualitas'!$R$6:$R$676,'KK Penjaminan Kualitas'!$T$6:$T$676,$S10,'KK Penjaminan Kualitas'!$E$6:$E$676,"E")/SUMPRODUCT(('KK Penjaminan Kualitas'!$T$6:$T$676=$S10)*('KK Penjaminan Kualitas'!$E$6:$E$676="E")*ISNUMBER('KK Penjaminan Kualitas'!$R$6:$R$676)),"") | K10: =IFERROR(SUMIFS('KK Penjaminan Kualitas'!$R$6:$R$676,'KK Penjaminan Kualitas'!$T$6:$T$676,$S10,'KK Penjaminan Kualitas'!$E$6:$E$676,"D")/SUMPRODUCT(('KK Penjaminan Kualitas'!$T$6:$T$676=$S10)*('KK Penjaminan Kualitas'!$E$6:$E$676="D")*ISNUMBER('KK Penjaminan Kualitas'!$R$6:$R$676)),"") | L10: =IFERROR(SUMIFS('KK Penjaminan Kualitas'!$R$6:$R$676,'KK Penjaminan Kualitas'!$T$6:$T$676,$S10,'KK Penjaminan Kualitas'!$E$6:$E$676,"C")/SUMPRODUCT(('KK Penjaminan Kualitas'!$T$6:$T$676=$S10)*('KK Penjaminan Kualitas'!$E$6:$E$676="C")*ISNUMBER('KK Penjaminan Kualitas'!$R$6:$R$676)),"") | M10: =IFERROR(SUMIFS('KK Penjaminan Kualitas'!$R$6:$R$676,'KK Penjaminan Kualitas'!$T$6:$T$676,$S10,'KK Penjaminan Kualitas'!$E$6:$E$676,"B")/SUMPRODUCT(('KK Penjaminan Kualitas'!$T$6:$T$676=$S10)*('KK Penjaminan Kualitas'!$E$6:$E$676="B")*ISNUMBER('KK Penjaminan Kualitas'!$R$6:$R$676)),"") | N10: =IFERROR(SUMIFS('KK Penjaminan Kualitas'!$R$6:$R$676,'KK Penjaminan Kualitas'!$T$6:$T$676,$S10,'KK Penjaminan Kualitas'!$E$6:$E$676,"A")/SUMPRODUCT(('KK Penjaminan Kualitas'!$T$6:$T$676=$S10)*('KK Penjaminan Kualitas'!$E$6:$E$676="A")*ISNUMBER('KK Penjaminan Kualitas'!$R$6:$R$676)),"") | O10: =IF(H10=0,"",SUMIFS('KK Penjaminan Kualitas'!$R$6:$R$676,'KK Penjaminan Kualitas'!$T$6:$T$676,$S10)/H10) | P10: =IF(Q10="","",IF(Q10=0,"< E",MID("EDCBA",Q10,1))) | Q10: =IF(H10=0,"",IF(NOT(AND(ISNUMBER(J10),J10>=Petunjuk!$C$14)),0,IF(NOT(AND(ISNUMBER(K10),K10>=Petunjuk!$C$14)),1,IF(NOT(AND(ISNUMBER(L10),L10>=Petunjuk!$C$14)),2,IF(NOT(AND(ISNUMBER(M10),M10>=Petunjuk!$C$14)),3,IF(NOT(AND(ISNUMBER(N10),N10>=Petunjuk!$C$14)),4,5)))))) | R10: =IF(Q10="","Belum dinilai",IF(Q10=5,"Seluruh grade terpenuhi","Lengkapi evidence Grade "&MID("EDCBA",Q10+1,1)&IF(I10>0," ("&I10&" item belum dinilai)",""))) | S10: 1.3-4
A11: 7 | B11: 1.4 | C11: Struktur Organisasi Sesuai Kebutuhan | D11: 1 | E11: =IFERROR(INDEX(FILTER('KK Penjaminan Kualitas'!$D$6:$D$676,'KK Penjaminan Kualitas'!$A$6:$A$676=B11,'KK Penjaminan Kualitas'!$C$6:$C$676=D11),1),"") | F11: =COUNTIFS('KK Penjaminan Kualitas'!$T$6:$T$676,$S11,'KK Penjaminan Kualitas'!$J$6:$J$676,"<>") | G11: =COUNTIFS('KK Penjaminan Kualitas'!$T$6:$T$676,$S11,'KK Penjaminan Kualitas'!$L$6:$L$676,"N/A") | H11: =SUMPRODUCT(('KK Penjaminan Kualitas'!$T$6:$T$676=$S11)*ISNUMBER('KK Penjaminan Kualitas'!$R$6:$R$676)) | I11: =F11-G11-H11 | J11: =IFERROR(SUMIFS('KK Penjaminan Kualitas'!$R$6:$R$676,'KK Penjaminan Kualitas'!$T$6:$T$676,$S11,'KK Penjaminan Kualitas'!$E$6:$E$676,"E")/SUMPRODUCT(('KK Penjaminan Kualitas'!$T$6:$T$676=$S11)*('KK Penjaminan Kualitas'!$E$6:$E$676="E")*ISNUMBER('KK Penjaminan Kualitas'!$R$6:$R$676)),"") | K11: =IFERROR(SUMIFS('KK Penjaminan Kualitas'!$R$6:$R$676,'KK Penjaminan Kualitas'!$T$6:$T$676,$S11,'KK Penjaminan Kualitas'!$E$6:$E$676,"D")/SUMPRODUCT(('KK Penjaminan Kualitas'!$T$6:$T$676=$S11)*('KK Penjaminan Kualitas'!$E$6:$E$676="D")*ISNUMBER('KK Penjaminan Kualitas'!$R$6:$R$676)),"") | L11: =IFERROR(SUMIFS('KK Penjaminan Kualitas'!$R$6:$R$676,'KK Penjaminan Kualitas'!$T$6:$T$676,$S11,'KK Penjaminan Kualitas'!$E$6:$E$676,"C")/SUMPRODUCT(('KK Penjaminan Kualitas'!$T$6:$T$676=$S11)*('KK Penjaminan Kualitas'!$E$6:$E$676="C")*ISNUMBER('KK Penjaminan Kualitas'!$R$6:$R$676)),"") | M11: =IFERROR(SUMIFS('KK Penjaminan Kualitas'!$R$6:$R$676,'KK Penjaminan Kualitas'!$T$6:$T$676,$S11,'KK Penjaminan Kualitas'!$E$6:$E$676,"B")/SUMPRODUCT(('KK Penjaminan Kualitas'!$T$6:$T$676=$S11)*('KK Penjaminan Kualitas'!$E$6:$E$676="B")*ISNUMBER('KK Penjaminan Kualitas'!$R$6:$R$676)),"") | N11: =IFERROR(SUMIFS('KK Penjaminan Kualitas'!$R$6:$R$676,'KK Penjaminan Kualitas'!$T$6:$T$676,$S11,'KK Penjaminan Kualitas'!$E$6:$E$676,"A")/SUMPRODUCT(('KK Penjaminan Kualitas'!$T$6:$T$676=$S11)*('KK Penjaminan Kualitas'!$E$6:$E$676="A")*ISNUMBER('KK Penjaminan Kualitas'!$R$6:$R$676)),"") | O11: =IF(H11=0,"",SUMIFS('KK Penjaminan Kualitas'!$R$6:$R$676,'KK Penjaminan Kualitas'!$T$6:$T$676,$S11)/H11) | P11: =IF(Q11="","",IF(Q11=0,"< E",MID("EDCBA",Q11,1))) | Q11: =IF(H11=0,"",IF(NOT(AND(ISNUMBER(J11),J11>=Petunjuk!$C$14)),0,IF(NOT(AND(ISNUMBER(K11),K11>=Petunjuk!$C$14)),1,IF(NOT(AND(ISNUMBER(L11),L11>=Petunjuk!$C$14)),2,IF(NOT(AND(ISNUMBER(M11),M11>=Petunjuk!$C$14)),3,IF(NOT(AND(ISNUMBER(N11),N11>=Petunjuk!$C$14)),4,5)))))) | R11: =IF(Q11="","Belum dinilai",IF(Q11=5,"Seluruh grade terpenuhi","Lengkapi evidence Grade "&MID("EDCBA",Q11+1,1)&IF(I11>0," ("&I11&" item belum dinilai)",""))) | S11: 1.4-1
A12: 8 | B12: 1.5 | C12: Pendelegasian Wewenang dan Tanggung Jawab yang Tepat | D12: 1 | E12: =IFERROR(INDEX(FILTER('KK Penjaminan Kualitas'!$D$6:$D$676,'KK Penjaminan Kualitas'!$A$6:$A$676=B12,'KK Penjaminan Kualitas'!$C$6:$C$676=D12),1),"") | F12: =COUNTIFS('KK Penjaminan Kualitas'!$T$6:$T$676,$S12,'KK Penjaminan Kualitas'!$J$6:$J$676,"<>") | G12: =COUNTIFS('KK Penjaminan Kualitas'!$T$6:$T$676,$S12,'KK Penjaminan Kualitas'!$L$6:$L$676,"N/A") | H12: =SUMPRODUCT(('KK Penjaminan Kualitas'!$T$6:$T$676=$S12)*ISNUMBER('KK Penjaminan Kualitas'!$R$6:$R$676)) | I12: =F12-G12-H12 | J12: =IFERROR(SUMIFS('KK Penjaminan Kualitas'!$R$6:$R$676,'KK Penjaminan Kualitas'!$T$6:$T$676,$S12,'KK Penjaminan Kualitas'!$E$6:$E$676,"E")/SUMPRODUCT(('KK Penjaminan Kualitas'!$T$6:$T$676=$S12)*('KK Penjaminan Kualitas'!$E$6:$E$676="E")*ISNUMBER('KK Penjaminan Kualitas'!$R$6:$R$676)),"") | K12: =IFERROR(SUMIFS('KK Penjaminan Kualitas'!$R$6:$R$676,'KK Penjaminan Kualitas'!$T$6:$T$676,$S12,'KK Penjaminan Kualitas'!$E$6:$E$676,"D")/SUMPRODUCT(('KK Penjaminan Kualitas'!$T$6:$T$676=$S12)*('KK Penjaminan Kualitas'!$E$6:$E$676="D")*ISNUMBER('KK Penjaminan Kualitas'!$R$6:$R$676)),"") | L12: =IFERROR(SUMIFS('KK Penjaminan Kualitas'!$R$6:$R$676,'KK Penjaminan Kualitas'!$T$6:$T$676,$S12,'KK Penjaminan Kualitas'!$E$6:$E$676,"C")/SUMPRODUCT(('KK Penjaminan Kualitas'!$T$6:$T$676=$S12)*('KK Penjaminan Kualitas'!$E$6:$E$676="C")*ISNUMBER('KK Penjaminan Kualitas'!$R$6:$R$676)),"") | M12: =IFERROR(SUMIFS('KK Penjaminan Kualitas'!$R$6:$R$676,'KK Penjaminan Kualitas'!$T$6:$T$676,$S12,'KK Penjaminan Kualitas'!$E$6:$E$676,"B")/SUMPRODUCT(('KK Penjaminan Kualitas'!$T$6:$T$676=$S12)*('KK Penjaminan Kualitas'!$E$6:$E$676="B")*ISNUMBER('KK Penjaminan Kualitas'!$R$6:$R$676)),"") | N12: =IFERROR(SUMIFS('KK Penjaminan Kualitas'!$R$6:$R$676,'KK Penjaminan Kualitas'!$T$6:$T$676,$S12,'KK Penjaminan Kualitas'!$E$6:$E$676,"A")/SUMPRODUCT(('KK Penjaminan Kualitas'!$T$6:$T$676=$S12)*('KK Penjaminan Kualitas'!$E$6:$E$676="A")*ISNUMBER('KK Penjaminan Kualitas'!$R$6:$R$676)),"") | O12: =IF(H12=0,"",SUMIFS('KK Penjaminan Kualitas'!$R$6:$R$676,'KK Penjaminan Kualitas'!$T$6:$T$676,$S12)/H12) | P12: =IF(Q12="","",IF(Q12=0,"< E",MID("EDCBA",Q12,1))) | Q12: =IF(H12=0,"",IF(NOT(AND(ISNUMBER(J12),J12>=Petunjuk!$C$14)),0,IF(NOT(AND(ISNUMBER(K12),K12>=Petunjuk!$C$14)),1,IF(NOT(AND(ISNUMBER(L12),L12>=Petunjuk!$C$14)),2,IF(NOT(AND(ISNUMBER(M12),M12>=Petunjuk!$C$14)),3,IF(NOT(AND(ISNUMBER(N12),N12>=Petunjuk!$C$14)),4,5)))))) | R12: =IF(Q12="","Belum dinilai",IF(Q12=5,"Seluruh grade terpenuhi","Lengkapi evidence Grade "&MID("EDCBA",Q12+1,1)&IF(I12>0," ("&I12&" item belum dinilai)",""))) | S12: 1.5-1
A13: 9 | B13: 1.6 | C13: Penyusunan dan Penerapan Kebijakan yang Sehat tentang Pembinaan SDM | D13: 1 | E13: =IFERROR(INDEX(FILTER('KK Penjaminan Kualitas'!$D$6:$D$676,'KK Penjaminan Kualitas'!$A$6:$A$676=B13,'KK Penjaminan Kualitas'!$C$6:$C$676=D13),1),"") | F13: =COUNTIFS('KK Penjaminan Kualitas'!$T$6:$T$676,$S13,'KK Penjaminan Kualitas'!$J$6:$J$676,"<>") | G13: =COUNTIFS('KK Penjaminan Kualitas'!$T$6:$T$676,$S13,'KK Penjaminan Kualitas'!$L$6:$L$676,"N/A") | H13: =SUMPRODUCT(('KK Penjaminan Kualitas'!$T$6:$T$676=$S13)*ISNUMBER('KK Penjaminan Kualitas'!$R$6:$R$676)) | I13: =F13-G13-H13 | J13: =IFERROR(SUMIFS('KK Penjaminan Kualitas'!$R$6:$R$676,'KK Penjaminan Kualitas'!$T$6:$T$676,$S13,'KK Penjaminan Kualitas'!$E$6:$E$676,"E")/SUMPRODUCT(('KK Penjaminan Kualitas'!$T$6:$T$676=$S13)*('KK Penjaminan Kualitas'!$E$6:$E$676="E")*ISNUMBER('KK Penjaminan Kualitas'!$R$6:$R$676)),"") | K13: =IFERROR(SUMIFS('KK Penjaminan Kualitas'!$R$6:$R$676,'KK Penjaminan Kualitas'!$T$6:$T$676,$S13,'KK Penjaminan Kualitas'!$E$6:$E$676,"D")/SUMPRODUCT(('KK Penjaminan Kualitas'!$T$6:$T$676=$S13)*('KK Penjaminan Kualitas'!$E$6:$E$676="D")*ISNUMBER('KK Penjaminan Kualitas'!$R$6:$R$676)),"") | L13: =IFERROR(SUMIFS('KK Penjaminan Kualitas'!$R$6:$R$676,'KK Penjaminan Kualitas'!$T$6:$T$676,$S13,'KK Penjaminan Kualitas'!$E$6:$E$676,"C")/SUMPRODUCT(('KK Penjaminan Kualitas'!$T$6:$T$676=$S13)*('KK Penjaminan Kualitas'!$E$6:$E$676="C")*ISNUMBER('KK Penjaminan Kualitas'!$R$6:$R$676)),"") | M13: =IFERROR(SUMIFS('KK Penjaminan Kualitas'!$R$6:$R$676,'KK Penjaminan Kualitas'!$T$6:$T$676,$S13,'KK Penjaminan Kualitas'!$E$6:$E$676,"B")/SUMPRODUCT(('KK Penjaminan Kualitas'!$T$6:$T$676=$S13)*('KK Penjaminan Kualitas'!$E$6:$E$676="B")*ISNUMBER('KK Penjaminan Kualitas'!$R$6:$R$676)),"") | N13: =IFERROR(SUMIFS('KK Penjaminan Kualitas'!$R$6:$R$676,'KK Penjaminan Kualitas'!$T$6:$T$676,$S13,'KK Penjaminan Kualitas'!$E$6:$E$676,"A")/SUMPRODUCT(('KK Penjaminan Kualitas'!$T$6:$T$676=$S13)*('KK Penjaminan Kualitas'!$E$6:$E$676="A")*ISNUMBER('KK Penjaminan Kualitas'!$R$6:$R$676)),"") | O13: =IF(H13=0,"",SUMIFS('KK Penjaminan Kualitas'!$R$6:$R$676,'KK Penjaminan Kualitas'!$T$6:$T$676,$S13)/H13) | P13: =IF(Q13="","",IF(Q13=0,"< E",MID("EDCBA",Q13,1))) | Q13: =IF(H13=0,"",IF(NOT(AND(ISNUMBER(J13),J13>=Petunjuk!$C$14)),0,IF(NOT(AND(ISNUMBER(K13),K13>=Petunjuk!$C$14)),1,IF(NOT(AND(ISNUMBER(L13),L13>=Petunjuk!$C$14)),2,IF(NOT(AND(ISNUMBER(M13),M13>=Petunjuk!$C$14)),3,IF(NOT(AND(ISNUMBER(N13),N13>=Petunjuk!$C$14)),4,5)))))) | R13: =IF(Q13="","Belum dinilai",IF(Q13=5,"Seluruh grade terpenuhi","Lengkapi evidence Grade "&MID("EDCBA",Q13+1,1)&IF(I13>0," ("&I13&" item belum dinilai)",""))) | S13: 1.6-1
A14: 10 | B14: 1.6 | C14: Penyusunan dan Penerapan Kebijakan yang Sehat tentang Pembinaan SDM | D14: 2 | E14: =IFERROR(INDEX(FILTER('KK Penjaminan Kualitas'!$D$6:$D$676,'KK Penjaminan Kualitas'!$A$6:$A$676=B14,'KK Penjaminan Kualitas'!$C$6:$C$676=D14),1),"") | F14: =COUNTIFS('KK Penjaminan Kualitas'!$T$6:$T$676,$S14,'KK Penjaminan Kualitas'!$J$6:$J$676,"<>") | G14: =COUNTIFS('KK Penjaminan Kualitas'!$T$6:$T$676,$S14,'KK Penjaminan Kualitas'!$L$6:$L$676,"N/A") | H14: =SUMPRODUCT(('KK Penjaminan Kualitas'!$T$6:$T$676=$S14)*ISNUMBER('KK Penjaminan Kualitas'!$R$6:$R$676)) | I14: =F14-G14-H14 | J14: =IFERROR(SUMIFS('KK Penjaminan Kualitas'!$R$6:$R$676,'KK Penjaminan Kualitas'!$T$6:$T$676,$S14,'KK Penjaminan Kualitas'!$E$6:$E$676,"E")/SUMPRODUCT(('KK Penjaminan Kualitas'!$T$6:$T$676=$S14)*('KK Penjaminan Kualitas'!$E$6:$E$676="E")*ISNUMBER('KK Penjaminan Kualitas'!$R$6:$R$676)),"") | K14: =IFERROR(SUMIFS('KK Penjaminan Kualitas'!$R$6:$R$676,'KK Penjaminan Kualitas'!$T$6:$T$676,$S14,'KK Penjaminan Kualitas'!$E$6:$E$676,"D")/SUMPRODUCT(('KK Penjaminan Kualitas'!$T$6:$T$676=$S14)*('KK Penjaminan Kualitas'!$E$6:$E$676="D")*ISNUMBER('KK Penjaminan Kualitas'!$R$6:$R$676)),"") | L14: =IFERROR(SUMIFS('KK Penjaminan Kualitas'!$R$6:$R$676,'KK Penjaminan Kualitas'!$T$6:$T$676,$S14,'KK Penjaminan Kualitas'!$E$6:$E$676,"C")/SUMPRODUCT(('KK Penjaminan Kualitas'!$T$6:$T$676=$S14)*('KK Penjaminan Kualitas'!$E$6:$E$676="C")*ISNUMBER('KK Penjaminan Kualitas'!$R$6:$R$676)),"") | M14: =IFERROR(SUMIFS('KK Penjaminan Kualitas'!$R$6:$R$676,'KK Penjaminan Kualitas'!$T$6:$T$676,$S14,'KK Penjaminan Kualitas'!$E$6:$E$676,"B")/SUMPRODUCT(('KK Penjaminan Kualitas'!$T$6:$T$676=$S14)*('KK Penjaminan Kualitas'!$E$6:$E$676="B")*ISNUMBER('KK Penjaminan Kualitas'!$R$6:$R$676)),"") | N14: =IFERROR(SUMIFS('KK Penjaminan Kualitas'!$R$6:$R$676,'KK Penjaminan Kualitas'!$T$6:$T$676,$S14,'KK Penjaminan Kualitas'!$E$6:$E$676,"A")/SUMPRODUCT(('KK Penjaminan Kualitas'!$T$6:$T$676=$S14)*('KK Penjaminan Kualitas'!$E$6:$E$676="A")*ISNUMBER('KK Penjaminan Kualitas'!$R$6:$R$676)),"") | O14: =IF(H14=0,"",SUMIFS('KK Penjaminan Kualitas'!$R$6:$R$676,'KK Penjaminan Kualitas'!$T$6:$T$676,$S14)/H14) | P14: =IF(Q14="","",IF(Q14=0,"< E",MID("EDCBA",Q14,1))) | Q14: =IF(H14=0,"",IF(NOT(AND(ISNUMBER(J14),J14>=Petunjuk!$C$14)),0,IF(NOT(AND(ISNUMBER(K14),K14>=Petunjuk!$C$14)),1,IF(NOT(AND(ISNUMBER(L14),L14>=Petunjuk!$C$14)),2,IF(NOT(AND(ISNUMBER(M14),M14>=Petunjuk!$C$14)),3,IF(NOT(AND(ISNUMBER(N14),N14>=Petunjuk!$C$14)),4,5)))))) | R14: =IF(Q14="","Belum dinilai",IF(Q14=5,"Seluruh grade terpenuhi","Lengkapi evidence Grade "&MID("EDCBA",Q14+1,1)&IF(I14>0," ("&I14&" item belum dinilai)",""))) | S14: 1.6-2
A15: 11 | B15: 1.6 | C15: Penyusunan dan Penerapan Kebijakan yang Sehat tentang Pembinaan SDM | D15: 3 | E15: =IFERROR(INDEX(FILTER('KK Penjaminan Kualitas'!$D$6:$D$676,'KK Penjaminan Kualitas'!$A$6:$A$676=B15,'KK Penjaminan Kualitas'!$C$6:$C$676=D15),1),"") | F15: =COUNTIFS('KK Penjaminan Kualitas'!$T$6:$T$676,$S15,'KK Penjaminan Kualitas'!$J$6:$J$676,"<>") | G15: =COUNTIFS('KK Penjaminan Kualitas'!$T$6:$T$676,$S15,'KK Penjaminan Kualitas'!$L$6:$L$676,"N/A") | H15: =SUMPRODUCT(('KK Penjaminan Kualitas'!$T$6:$T$676=$S15)*ISNUMBER('KK Penjaminan Kualitas'!$R$6:$R$676)) | I15: =F15-G15-H15 | J15: =IFERROR(SUMIFS('KK Penjaminan Kualitas'!$R$6:$R$676,'KK Penjaminan Kualitas'!$T$6:$T$676,$S15,'KK Penjaminan Kualitas'!$E$6:$E$676,"E")/SUMPRODUCT(('KK Penjaminan Kualitas'!$T$6:$T$676=$S15)*('KK Penjaminan Kualitas'!$E$6:$E$676="E")*ISNUMBER('KK Penjaminan Kualitas'!$R$6:$R$676)),"") | K15: =IFERROR(SUMIFS('KK Penjaminan Kualitas'!$R$6:$R$676,'KK Penjaminan Kualitas'!$T$6:$T$676,$S15,'KK Penjaminan Kualitas'!$E$6:$E$676,"D")/SUMPRODUCT(('KK Penjaminan Kualitas'!$T$6:$T$676=$S15)*('KK Penjaminan Kualitas'!$E$6:$E$676="D")*ISNUMBER('KK Penjaminan Kualitas'!$R$6:$R$676)),"") | L15: =IFERROR(SUMIFS('KK Penjaminan Kualitas'!$R$6:$R$676,'KK Penjaminan Kualitas'!$T$6:$T$676,$S15,'KK Penjaminan Kualitas'!$E$6:$E$676,"C")/SUMPRODUCT(('KK Penjaminan Kualitas'!$T$6:$T$676=$S15)*('KK Penjaminan Kualitas'!$E$6:$E$676="C")*ISNUMBER('KK Penjaminan Kualitas'!$R$6:$R$676)),"") | M15: =IFERROR(SUMIFS('KK Penjaminan Kualitas'!$R$6:$R$676,'KK Penjaminan Kualitas'!$T$6:$T$676,$S15,'KK Penjaminan Kualitas'!$E$6:$E$676,"B")/SUMPRODUCT(('KK Penjaminan Kualitas'!$T$6:$T$676=$S15)*('KK Penjaminan Kualitas'!$E$6:$E$676="B")*ISNUMBER('KK Penjaminan Kualitas'!$R$6:$R$676)),"") | N15: =IFERROR(SUMIFS('KK Penjaminan Kualitas'!$R$6:$R$676,'KK Penjaminan Kualitas'!$T$6:$T$676,$S15,'KK Penjaminan Kualitas'!$E$6:$E$676,"A")/SUMPRODUCT(('KK Penjaminan Kualitas'!$T$6:$T$676=$S15)*('KK Penjaminan Kualitas'!$E$6:$E$676="A")*ISNUMBER('KK Penjaminan Kualitas'!$R$6:$R$676)),"") | O15: =IF(H15=0,"",SUMIFS('KK Penjaminan Kualitas'!$R$6:$R$676,'KK Penjaminan Kualitas'!$T$6:$T$676,$S15)/H15) | P15: =IF(Q15="","",IF(Q15=0,"< E",MID("EDCBA",Q15,1))) | Q15: =IF(H15=0,"",IF(NOT(AND(ISNUMBER(J15),J15>=Petunjuk!$C$14)),0,IF(NOT(AND(ISNUMBER(K15),K15>=Petunjuk!$C$14)),1,IF(NOT(AND(ISNUMBER(L15),L15>=Petunjuk!$C$14)),2,IF(NOT(AND(ISNUMBER(M15),M15>=Petunjuk!$C$14)),3,IF(NOT(AND(ISNUMBER(N15),N15>=Petunjuk!$C$14)),4,5)))))) | R15: =IF(Q15="","Belum dinilai",IF(Q15=5,"Seluruh grade terpenuhi","Lengkapi evidence Grade "&MID("EDCBA",Q15+1,1)&IF(I15>0," ("&I15&" item belum dinilai)",""))) | S15: 1.6-3
A16: 12 | B16: 1.7 | C16: Perwujudan Peran APIP yang Efektf | D16: 1 | E16: =IFERROR(INDEX(FILTER('KK Penjaminan Kualitas'!$D$6:$D$676,'KK Penjaminan Kualitas'!$A$6:$A$676=B16,'KK Penjaminan Kualitas'!$C$6:$C$676=D16),1),"") | F16: =COUNTIFS('KK Penjaminan Kualitas'!$T$6:$T$676,$S16,'KK Penjaminan Kualitas'!$J$6:$J$676,"<>") | G16: =COUNTIFS('KK Penjaminan Kualitas'!$T$6:$T$676,$S16,'KK Penjaminan Kualitas'!$L$6:$L$676,"N/A") | H16: =SUMPRODUCT(('KK Penjaminan Kualitas'!$T$6:$T$676=$S16)*ISNUMBER('KK Penjaminan Kualitas'!$R$6:$R$676)) | I16: =F16-G16-H16 | J16: =IFERROR(SUMIFS('KK Penjaminan Kualitas'!$R$6:$R$676,'KK Penjaminan Kualitas'!$T$6:$T$676,$S16,'KK Penjaminan Kualitas'!$E$6:$E$676,"E")/SUMPRODUCT(('KK Penjaminan Kualitas'!$T$6:$T$676=$S16)*('KK Penjaminan Kualitas'!$E$6:$E$676="E")*ISNUMBER('KK Penjaminan Kualitas'!$R$6:$R$676)),"") | K16: =IFERROR(SUMIFS('KK Penjaminan Kualitas'!$R$6:$R$676,'KK Penjaminan Kualitas'!$T$6:$T$676,$S16,'KK Penjaminan Kualitas'!$E$6:$E$676,"D")/SUMPRODUCT(('KK Penjaminan Kualitas'!$T$6:$T$676=$S16)*('KK Penjaminan Kualitas'!$E$6:$E$676="D")*ISNUMBER('KK Penjaminan Kualitas'!$R$6:$R$676)),"") | L16: =IFERROR(SUMIFS('KK Penjaminan Kualitas'!$R$6:$R$676,'KK Penjaminan Kualitas'!$T$6:$T$676,$S16,'KK Penjaminan Kualitas'!$E$6:$E$676,"C")/SUMPRODUCT(('KK Penjaminan Kualitas'!$T$6:$T$676=$S16)*('KK Penjaminan Kualitas'!$E$6:$E$676="C")*ISNUMBER('KK Penjaminan Kualitas'!$R$6:$R$676)),"") | M16: =IFERROR(SUMIFS('KK Penjaminan Kualitas'!$R$6:$R$676,'KK Penjaminan Kualitas'!$T$6:$T$676,$S16,'KK Penjaminan Kualitas'!$E$6:$E$676,"B")/SUMPRODUCT(('KK Penjaminan Kualitas'!$T$6:$T$676=$S16)*('KK Penjaminan Kualitas'!$E$6:$E$676="B")*ISNUMBER('KK Penjaminan Kualitas'!$R$6:$R$676)),"") | N16: =IFERROR(SUMIFS('KK Penjaminan Kualitas'!$R$6:$R$676,'KK Penjaminan Kualitas'!$T$6:$T$676,$S16,'KK Penjaminan Kualitas'!$E$6:$E$676,"A")/SUMPRODUCT(('KK Penjaminan Kualitas'!$T$6:$T$676=$S16)*('KK Penjaminan Kualitas'!$E$6:$E$676="A")*ISNUMBER('KK Penjaminan Kualitas'!$R$6:$R$676)),"") | O16: =IF(H16=0,"",SUMIFS('KK Penjaminan Kualitas'!$R$6:$R$676,'KK Penjaminan Kualitas'!$T$6:$T$676,$S16)/H16) | P16: =IF(Q16="","",IF(Q16=0,"< E",MID("EDCBA",Q16,1))) | Q16: =IF(H16=0,"",IF(NOT(AND(ISNUMBER(J16),J16>=Petunjuk!$C$14)),0,IF(NOT(AND(ISNUMBER(K16),K16>=Petunjuk!$C$14)),1,IF(NOT(AND(ISNUMBER(L16),L16>=Petunjuk!$C$14)),2,IF(NOT(AND(ISNUMBER(M16),M16>=Petunjuk!$C$14)),3,IF(NOT(AND(ISNUMBER(N16),N16>=Petunjuk!$C$14)),4,5)))))) | R16: =IF(Q16="","Belum dinilai",IF(Q16=5,"Seluruh grade terpenuhi","Lengkapi evidence Grade "&MID("EDCBA",Q16+1,1)&IF(I16>0," ("&I16&" item belum dinilai)",""))) | S16: 1.7-1
... A47: 43 | B47: 5.2 | C47: Evaluasi Terpisah | D47: 2 | E47: =IFERROR(INDEX(FILTER('KK Penjaminan Kualitas'!$D$6:$D$676,'KK Penjaminan Kualitas'!$A$6:$A$676=B47,'KK Penjaminan Kualitas'!$C$6:$C$676=D47),1),"") | F47: =COUNTIFS('KK Penjaminan Kualitas'!$T$6:$T$676,$S47,'KK Penjaminan Kualitas'!$J$6:$J$676,"<>") | G47: =COUNTIFS('KK Penjaminan Kualitas'!$T$6:$T$676,$S47,'KK Penjaminan Kualitas'!$L$6:$L$676,"N/A") | H47: =SUMPRODUCT(('KK Penjaminan Kualitas'!$T$6:$T$676=$S47)*ISNUMBER('KK Penjaminan Kualitas'!$R$6:$R$676)) | I47: =F47-G47-H47 | J47: =IFERROR(SUMIFS('KK Penjaminan Kualitas'!$R$6:$R$676,'KK Penjaminan Kualitas'!$T$6:$T$676,$S47,'KK Penjaminan Kualitas'!$E$6:$E$676,"E")/SUMPRODUCT(('KK Penjaminan Kualitas'!$T$6:$T$676=$S47)*('KK Penjaminan Kualitas'!$E$6:$E$676="E")*ISNUMBER('KK Penjaminan Kualitas'!$R$6:$R$676)),"") | K47: =IFERROR(SUMIFS('KK Penjaminan Kualitas'!$R$6:$R$676,'KK Penjaminan Kualitas'!$T$6:$T$676,$S47,'KK Penjaminan Kualitas'!$E$6:$E$676,"D")/SUMPRODUCT(('KK Penjaminan Kualitas'!$T$6:$T$676=$S47)*('KK Penjaminan Kualitas'!$E$6:$E$676="D")*ISNUMBER('KK Penjaminan Kualitas'!$R$6:$R$676)),"") | L47: =IFERROR(SUMIFS('KK Penjaminan Kualitas'!$R$6:$R$676,'KK Penjaminan Kualitas'!$T$6:$T$676,$S47,'KK Penjaminan Kualitas'!$E$6:$E$676,"C")/SUMPRODUCT(('KK Penjaminan Kualitas'!$T$6:$T$676=$S47)*('KK Penjaminan Kualitas'!$E$6:$E$676="C")*ISNUMBER('KK Penjaminan Kualitas'!$R$6:$R$676)),"") | M47: =IFERROR(SUMIFS('KK Penjaminan Kualitas'!$R$6:$R$676,'KK Penjaminan Kualitas'!$T$6:$T$676,$S47,'KK Penjaminan Kualitas'!$E$6:$E$676,"B")/SUMPRODUCT(('KK Penjaminan Kualitas'!$T$6:$T$676=$S47)*('KK Penjaminan Kualitas'!$E$6:$E$676="B")*ISNUMBER('KK Penjaminan Kualitas'!$R$6:$R$676)),"") | N47: =IFERROR(SUMIFS('KK Penjaminan Kualitas'!$R$6:$R$676,'KK Penjaminan Kualitas'!$T$6:$T$676,$S47,'KK Penjaminan Kualitas'!$E$6:$E$676,"A")/SUMPRODUCT(('KK Penjaminan Kualitas'!$T$6:$T$676=$S47)*('KK Penjaminan Kualitas'!$E$6:$E$676="A")*ISNUMBER('KK Penjaminan Kualitas'!$R$6:$R$676)),"") | O47: =IF(H47=0,"",SUMIFS('KK Penjaminan Kualitas'!$R$6:$R$676,'KK Penjaminan Kualitas'!$T$6:$T$676,$S47)/H47) | P47: =IF(Q47="","",IF(Q47=0,"< E",MID("EDCBA",Q47,1))) | Q47: =IF(H47=0,"",IF(NOT(AND(ISNUMBER(J47),J47>=Petunjuk!$C$14)),0,IF(NOT(AND(ISNUMBER(K47),K47>=Petunjuk!$C$14)),1,IF(NOT(AND(ISNUMBER(L47),L47>=Petunjuk!$C$14)),2,IF(NOT(AND(ISNUMBER(M47),M47>=Petunjuk!$C$14)),3,IF(NOT(AND(ISNUMBER(N47),N47>=Petunjuk!$C$14)),4,5)))))) | R47: =IF(Q47="","Belum dinilai",IF(Q47=5,"Seluruh grade terpenuhi","Lengkapi evidence Grade "&MID("EDCBA",Q47+1,1)&IF(I47>0," ("&I47&" item belum dinilai)",""))) | S47: 5.2-2
E48: =IFERROR(INDEX(FILTER('KK Penjaminan Kualitas'!$D$6:$D$676,'KK Penjaminan Kualitas'!$A$6:$A$676=B48,'KK Penjaminan Kualitas'!$C$6:$C$676=D48),1),"") | F48: =SUM(F5:F47) | G48: =SUM(G5:G47) | H48: =SUM(H5:H47) | I48: =SUM(I5:I47) | J48: =IFERROR(SUMIFS('KK Penjaminan Kualitas'!$R$6:$R$676,'KK Penjaminan Kualitas'!$E$6:$E$676,"E")/SUMPRODUCT(('KK Penjaminan Kualitas'!$E$6:$E$676="E")*ISNUMBER('KK Penjaminan Kualitas'!$R$6:$R$676)),"") | K48: =IFERROR(SUMIFS('KK Penjaminan Kualitas'!$R$6:$R$676,'KK Penjaminan Kualitas'!$E$6:$E$676,"D")/SUMPRODUCT(('KK Penjaminan Kualitas'!$E$6:$E$676="D")*ISNUMBER('KK Penjaminan Kualitas'!$R$6:$R$676)),"") | L48: =IFERROR(SUMIFS('KK Penjaminan Kualitas'!$R$6:$R$676,'KK Penjaminan Kualitas'!$E$6:$E$676,"C")/SUMPRODUCT(('KK Penjaminan Kualitas'!$E$6:$E$676="C")*ISNUMBER('KK Penjaminan Kualitas'!$R$6:$R$676)),"") | M48: =IFERROR(SUMIFS('KK Penjaminan Kualitas'!$R$6:$R$676,'KK Penjaminan Kualitas'!$E$6:$E$676,"B")/SUMPRODUCT(('KK Penjaminan Kualitas'!$E$6:$E$676="B")*ISNUMBER('KK Penjaminan Kualitas'!$R$6:$R$676)),"") | N48: =IFERROR(SUMIFS('KK Penjaminan Kualitas'!$R$6:$R$676,'KK Penjaminan Kualitas'!$E$6:$E$676,"A")/SUMPRODUCT(('KK Penjaminan Kualitas'!$E$6:$E$676="A")*ISNUMBER('KK Penjaminan Kualitas'!$R$6:$R$676)),"") | O48: =IF(H48=0,"",SUM('KK Penjaminan Kualitas'!$R$6:$R$676)/H48)
E49: =IFERROR(INDEX(FILTER('KK Penjaminan Kualitas'!$D$6:$D$676,'KK Penjaminan Kualitas'!$A$6:$A$676=B49,'KK Penjaminan Kualitas'!$C$6:$C$676=D49),1),"") | O49: =COUNTIF(Q5:Q47,">=3")&" dari "&COUNTA(D5:D47)
E50: =IFERROR(INDEX(FILTER('KK Penjaminan Kualitas'!$D$6:$D$676,'KK Penjaminan Kualitas'!$A$6:$A$676=B50,'KK Penjaminan Kualitas'!$C$6:$C$676=D50),1),"")
B51: Keterangan: % Grade = Σ nilai item ÷ item dinilai (di luar N/A) pada grade tersebut. Grade Indikatif dihitung berjenjang dari E ke A dengan ambang batas pada Petunjuk!C14. Sel kosong = belum ada item yang dinilai. | E51: =IFERROR(INDEX(FILTER('KK Penjaminan Kualitas'!$D$6:$D$676,'KK Penjaminan Kualitas'!$A$6:$A$676=B51,'KK Penjaminan Kualitas'!$C$6:$C$676=D51),1),"")

Sheet Rekap Unsur
A1: REKAPITULASI HASIL PENJAMINAN KUALITAS / QUALITY ASSURANCE APIP PER UNSUR DAN SUBUNSUR
A2: ="OPD: "&IF(Petunjuk!$C$5="","..........",Petunjuk!$C$5)&" | Tahun Penilaian: "&IF(Petunjuk!$C$6="","....",Petunjuk!$C$6)
A4: Kode | B4: Unsur / Subunsur | C4: Jml Parameter | D4: Jml Item Evidence | E4: Item N/A | F4: Item Dinilai | G4: Σ Nilai | H4: % Pemenuhan Dokumen | I4: Parameter ≥ Level 3 | J4: Kategori | L4: KPI QA APIP
A5: 1 | B5: Unsur 1. Lingkungan Pengendalian | C5: =COUNTIF('Rekap Parameter'!$B$5:$B$47,"1.*") | D5: =SUMIF('Rekap Parameter'!$B$5:$B$47,"1.*",'Rekap Parameter'!$F$5:$F$47) | E5: =SUMIF('Rekap Parameter'!$B$5:$B$47,"1.*",'Rekap Parameter'!$G$5:$G$47) | F5: =SUMIF('Rekap Parameter'!$B$5:$B$47,"1.*",'Rekap Parameter'!$H$5:$H$47) | G5: =SUMIF('KK Penjaminan Kualitas'!$T$6:$T$676,"1.*",'KK Penjaminan Kualitas'!$R$6:$R$676) | H5: =IF(F5=0,"",G5/F5) | I5: =COUNTIFS('Rekap Parameter'!$B$5:$B$47,"1.*",'Rekap Parameter'!$Q$5:$Q$47,">=3") | J5: =IF(H5="","Belum dinilai",IF(H5>=0.8,"Tinggi",IF(H5>=0.6,"Cukup",IF(H5>=0.4,"Kurang","Rendah")))) | L5: Persentase Hasil QA APIP | M5: =IFERROR(SUM('KK Penjaminan Kualitas'!$R$6:$R$676)/COUNT('KK Penjaminan Kualitas'!$R$6:$R$676),"")
A6: 1.1 | B6: Penegakan Integritas dan Nilai Etika | C6: =COUNTIF('Rekap Parameter'!$B$5:$B$47,A6) | D6: =SUMIF('Rekap Parameter'!$B$5:$B$47,A6,'Rekap Parameter'!$F$5:$F$47) | E6: =SUMIF('Rekap Parameter'!$B$5:$B$47,A6,'Rekap Parameter'!$G$5:$G$47) | F6: =SUMIF('Rekap Parameter'!$B$5:$B$47,A6,'Rekap Parameter'!$H$5:$H$47) | G6: =SUMIF('KK Penjaminan Kualitas'!$T$6:$T$676,A6&"-*",'KK Penjaminan Kualitas'!$R$6:$R$676) | H6: =IF(F6=0,"",G6/F6) | I6: =COUNTIFS('Rekap Parameter'!$B$5:$B$47,A6,'Rekap Parameter'!$Q$5:$Q$47,">=3") | J6: =IF(H6="","Belum dinilai",IF(H6>=0.8,"Tinggi",IF(H6>=0.6,"Cukup",IF(H6>=0.4,"Kurang","Rendah")))) | L6: Kategori | M6: =IF(M5="","Belum dinilai",IF(M5>=0.8,"Tinggi",IF(M5>=0.6,"Cukup",IF(M5>=0.4,"Kurang","Rendah"))))
A7: 1.2 | B7: Komitmen terhadap Kompetensi | C7: =COUNTIF('Rekap Parameter'!$B$5:$B$47,A7) | D7: =SUMIF('Rekap Parameter'!$B$5:$B$47,A7,'Rekap Parameter'!$F$5:$F$47) | E7: =SUMIF('Rekap Parameter'!$B$5:$B$47,A7,'Rekap Parameter'!$G$5:$G$47) | F7: =SUMIF('Rekap Parameter'!$B$5:$B$47,A7,'Rekap Parameter'!$H$5:$H$47) | G7: =SUMIF('KK Penjaminan Kualitas'!$T$6:$T$676,A7&"-*",'KK Penjaminan Kualitas'!$R$6:$R$676) | H7: =IF(F7=0,"",G7/F7) | I7: =COUNTIFS('Rekap Parameter'!$B$5:$B$47,A7,'Rekap Parameter'!$Q$5:$Q$47,">=3") | J7: =IF(H7="","Belum dinilai",IF(H7>=0.8,"Tinggi",IF(H7>=0.6,"Cukup",IF(H7>=0.4,"Kurang","Rendah")))) | L7: Catatan | M7: Nilai dihitung otomatis dari item QA yang telah dinilai.
A8: 1.3 | B8: Kepemimpinan yang Kondusif | C8: =COUNTIF('Rekap Parameter'!$B$5:$B$47,A8) | D8: =SUMIF('Rekap Parameter'!$B$5:$B$47,A8,'Rekap Parameter'!$F$5:$F$47) | E8: =SUMIF('Rekap Parameter'!$B$5:$B$47,A8,'Rekap Parameter'!$G$5:$G$47) | F8: =SUMIF('Rekap Parameter'!$B$5:$B$47,A8,'Rekap Parameter'!$H$5:$H$47) | G8: =SUMIF('KK Penjaminan Kualitas'!$T$6:$T$676,A8&"-*",'KK Penjaminan Kualitas'!$R$6:$R$676) | H8: =IF(F8=0,"",G8/F8) | I8: =COUNTIFS('Rekap Parameter'!$B$5:$B$47,A8,'Rekap Parameter'!$Q$5:$Q$47,">=3") | J8: =IF(H8="","Belum dinilai",IF(H8>=0.8,"Tinggi",IF(H8>=0.6,"Cukup",IF(H8>=0.4,"Kurang","Rendah"))))
A9: 1.4 | B9: Struktur Organisasi Sesuai Kebutuhan | C9: =COUNTIF('Rekap Parameter'!$B$5:$B$47,A9) | D9: =SUMIF('Rekap Parameter'!$B$5:$B$47,A9,'Rekap Parameter'!$F$5:$F$47) | E9: =SUMIF('Rekap Parameter'!$B$5:$B$47,A9,'Rekap Parameter'!$G$5:$G$47) | F9: =SUMIF('Rekap Parameter'!$B$5:$B$47,A9,'Rekap Parameter'!$H$5:$H$47) | G9: =SUMIF('KK Penjaminan Kualitas'!$T$6:$T$676,A9&"-*",'KK Penjaminan Kualitas'!$R$6:$R$676) | H9: =IF(F9=0,"",G9/F9) | I9: =COUNTIFS('Rekap Parameter'!$B$5:$B$47,A9,'Rekap Parameter'!$Q$5:$Q$47,">=3") | J9: =IF(H9="","Belum dinilai",IF(H9>=0.8,"Tinggi",IF(H9>=0.6,"Cukup",IF(H9>=0.4,"Kurang","Rendah")))) | K9: ok
A10: 1.5 | B10: Pendelegasian Wewenang dan Tanggung Jawab yang Tepat | C10: =COUNTIF('Rekap Parameter'!$B$5:$B$47,A10) | D10: =SUMIF('Rekap Parameter'!$B$5:$B$47,A10,'Rekap Parameter'!$F$5:$F$47) | E10: =SUMIF('Rekap Parameter'!$B$5:$B$47,A10,'Rekap Parameter'!$G$5:$G$47) | F10: =SUMIF('Rekap Parameter'!$B$5:$B$47,A10,'Rekap Parameter'!$H$5:$H$47) | G10: =SUMIF('KK Penjaminan Kualitas'!$T$6:$T$676,A10&"-*",'KK Penjaminan Kualitas'!$R$6:$R$676) | H10: =IF(F10=0,"",G10/F10) | I10: =COUNTIFS('Rekap Parameter'!$B$5:$B$47,A10,'Rekap Parameter'!$Q$5:$Q$47,">=3") | J10: =IF(H10="","Belum dinilai",IF(H10>=0.8,"Tinggi",IF(H10>=0.6,"Cukup",IF(H10>=0.4,"Kurang","Rendah"))))
A11: 1.6 | B11: Penyusunan dan Penerapan Kebijakan yang Sehat tentang Pembinaan SDM | C11: =COUNTIF('Rekap Parameter'!$B$5:$B$47,A11) | D11: =SUMIF('Rekap Parameter'!$B$5:$B$47,A11,'Rekap Parameter'!$F$5:$F$47) | E11: =SUMIF('Rekap Parameter'!$B$5:$B$47,A11,'Rekap Parameter'!$G$5:$G$47) | F11: =SUMIF('Rekap Parameter'!$B$5:$B$47,A11,'Rekap Parameter'!$H$5:$H$47) | G11: =SUMIF('KK Penjaminan Kualitas'!$T$6:$T$676,A11&"-*",'KK Penjaminan Kualitas'!$R$6:$R$676) | H11: =IF(F11=0,"",G11/F11) | I11: =COUNTIFS('Rekap Parameter'!$B$5:$B$47,A11,'Rekap Parameter'!$Q$5:$Q$47,">=3") | J11: =IF(H11="","Belum dinilai",IF(H11>=0.8,"Tinggi",IF(H11>=0.6,"Cukup",IF(H11>=0.4,"Kurang","Rendah"))))
A12: 1.7 | B12: Perwujudan Peran APIP yang Efektf | C12: =COUNTIF('Rekap Parameter'!$B$5:$B$47,A12) | D12: =SUMIF('Rekap Parameter'!$B$5:$B$47,A12,'Rekap Parameter'!$F$5:$F$47) | E12: =SUMIF('Rekap Parameter'!$B$5:$B$47,A12,'Rekap Parameter'!$G$5:$G$47) | F12: =SUMIF('Rekap Parameter'!$B$5:$B$47,A12,'Rekap Parameter'!$H$5:$H$47) | G12: =SUMIF('KK Penjaminan Kualitas'!$T$6:$T$676,A12&"-*",'KK Penjaminan Kualitas'!$R$6:$R$676) | H12: =IF(F12=0,"",G12/F12) | I12: =COUNTIFS('Rekap Parameter'!$B$5:$B$47,A12,'Rekap Parameter'!$Q$5:$Q$47,">=3") | J12: =IF(H12="","Belum dinilai",IF(H12>=0.8,"Tinggi",IF(H12>=0.6,"Cukup",IF(H12>=0.4,"Kurang","Rendah"))))
A13: 1.8 | B13: Hubungan Kerja yang Baik dengan Instansi Pemerintah Terkait | C13: =COUNTIF('Rekap Parameter'!$B$5:$B$47,A13) | D13: =SUMIF('Rekap Parameter'!$B$5:$B$47,A13,'Rekap Parameter'!$F$5:$F$47) | E13: =SUMIF('Rekap Parameter'!$B$5:$B$47,A13,'Rekap Parameter'!$G$5:$G$47) | F13: =SUMIF('Rekap Parameter'!$B$5:$B$47,A13,'Rekap Parameter'!$H$5:$H$47) | G13: =SUMIF('KK Penjaminan Kualitas'!$T$6:$T$676,A13&"-*",'KK Penjaminan Kualitas'!$R$6:$R$676) | H13: =IF(F13=0,"",G13/F13) | I13: =COUNTIFS('Rekap Parameter'!$B$5:$B$47,A13,'Rekap Parameter'!$Q$5:$Q$47,">=3") | J13: =IF(H13="","Belum dinilai",IF(H13>=0.8,"Tinggi",IF(H13>=0.6,"Cukup",IF(H13>=0.4,"Kurang","Rendah"))))
A14: 2 | B14: Unsur 2. Penilaian Risiko | C14: =COUNTIF('Rekap Parameter'!$B$5:$B$47,"2.*") | D14: =SUMIF('Rekap Parameter'!$B$5:$B$47,"2.*",'Rekap Parameter'!$F$5:$F$47) | E14: =SUMIF('Rekap Parameter'!$B$5:$B$47,"2.*",'Rekap Parameter'!$G$5:$G$47) | F14: =SUMIF('Rekap Parameter'!$B$5:$B$47,"2.*",'Rekap Parameter'!$H$5:$H$47) | G14: =SUMIF('KK Penjaminan Kualitas'!$T$6:$T$676,"2.*",'KK Penjaminan Kualitas'!$R$6:$R$676) | H14: =IF(F14=0,"",G14/F14) | I14: =COUNTIFS('Rekap Parameter'!$B$5:$B$47,"2.*",'Rekap Parameter'!$Q$5:$Q$47,">=3") | J14: =IF(H14="","Belum dinilai",IF(H14>=0.8,"Tinggi",IF(H14>=0.6,"Cukup",IF(H14>=0.4,"Kurang","Rendah"))))
A15: 2.1 | B15: Identifikasi Risiko | C15: =COUNTIF('Rekap Parameter'!$B$5:$B$47,A15) | D15: =SUMIF('Rekap Parameter'!$B$5:$B$47,A15,'Rekap Parameter'!$F$5:$F$47) | E15: =SUMIF('Rekap Parameter'!$B$5:$B$47,A15,'Rekap Parameter'!$G$5:$G$47) | F15: =SUMIF('Rekap Parameter'!$B$5:$B$47,A15,'Rekap Parameter'!$H$5:$H$47) | G15: =SUMIF('KK Penjaminan Kualitas'!$T$6:$T$676,A15&"-*",'KK Penjaminan Kualitas'!$R$6:$R$676) | H15: =IF(F15=0,"",G15/F15) | I15: =COUNTIFS('Rekap Parameter'!$B$5:$B$47,A15,'Rekap Parameter'!$Q$5:$Q$47,">=3") | J15: =IF(H15="","Belum dinilai",IF(H15>=0.8,"Tinggi",IF(H15>=0.6,"Cukup",IF(H15>=0.4,"Kurang","Rendah"))))
A16: 2.2 | B16: Analisis Risiko | C16: =COUNTIF('Rekap Parameter'!$B$5:$B$47,A16) | D16: =SUMIF('Rekap Parameter'!$B$5:$B$47,A16,'Rekap Parameter'!$F$5:$F$47) | E16: =SUMIF('Rekap Parameter'!$B$5:$B$47,A16,'Rekap Parameter'!$G$5:$G$47) | F16: =SUMIF('Rekap Parameter'!$B$5:$B$47,A16,'Rekap Parameter'!$H$5:$H$47) | G16: =SUMIF('KK Penjaminan Kualitas'!$T$6:$T$676,A16&"-*",'KK Penjaminan Kualitas'!$R$6:$R$676) | H16: =IF(F16=0,"",G16/F16) | I16: =COUNTIFS('Rekap Parameter'!$B$5:$B$47,A16,'Rekap Parameter'!$Q$5:$Q$47,">=3") | J16: =IF(H16="","Belum dinilai",IF(H16>=0.8,"Tinggi",IF(H16>=0.6,"Cukup",IF(H16>=0.4,"Kurang","Rendah"))))
A17: 3 | B17: Unsur 3. Kegiatan Pengendalian | C17: =COUNTIF('Rekap Parameter'!$B$5:$B$47,"3.*") | D17: =SUMIF('Rekap Parameter'!$B$5:$B$47,"3.*",'Rekap Parameter'!$F$5:$F$47) | E17: =SUMIF('Rekap Parameter'!$B$5:$B$47,"3.*",'Rekap Parameter'!$G$5:$G$47) | F17: =SUMIF('Rekap Parameter'!$B$5:$B$47,"3.*",'Rekap Parameter'!$H$5:$H$47) | G17: =SUMIF('KK Penjaminan Kualitas'!$T$6:$T$676,"3.*",'KK Penjaminan Kualitas'!$R$6:$R$676) | H17: =IF(F17=0,"",G17/F17) | I17: =COUNTIFS('Rekap Parameter'!$B$5:$B$47,"3.*",'Rekap Parameter'!$Q$5:$Q$47,">=3") | J17: =IF(H17="","Belum dinilai",IF(H17>=0.8,"Tinggi",IF(H17>=0.6,"Cukup",IF(H17>=0.4,"Kurang","Rendah"))))
A18: 3.1 | B18: Reviu atas Kinerja Instansi Pemerintah | C18: =COUNTIF('Rekap Parameter'!$B$5:$B$47,A18) | D18: =SUMIF('Rekap Parameter'!$B$5:$B$47,A18,'Rekap Parameter'!$F$5:$F$47) | E18: =SUMIF('Rekap Parameter'!$B$5:$B$47,A18,'Rekap Parameter'!$G$5:$G$47) | F18: =SUMIF('Rekap Parameter'!$B$5:$B$47,A18,'Rekap Parameter'!$H$5:$H$47) | G18: =SUMIF('KK Penjaminan Kualitas'!$T$6:$T$676,A18&"-*",'KK Penjaminan Kualitas'!$R$6:$R$676) | H18: =IF(F18=0,"",G18/F18) | I18: =COUNTIFS('Rekap Parameter'!$B$5:$B$47,A18,'Rekap Parameter'!$Q$5:$Q$47,">=3") | J18: =IF(H18="","Belum dinilai",IF(H18>=0.8,"Tinggi",IF(H18>=0.6,"Cukup",IF(H18>=0.4,"Kurang","Rendah"))))
A19: 3.2 | B19: Pembinaan SDM | C19: =COUNTIF('Rekap Parameter'!$B$5:$B$47,A19) | D19: =SUMIF('Rekap Parameter'!$B$5:$B$47,A19,'Rekap Parameter'!$F$5:$F$47) | E19: =SUMIF('Rekap Parameter'!$B$5:$B$47,A19,'Rekap Parameter'!$G$5:$G$47) | F19: =SUMIF('Rekap Parameter'!$B$5:$B$47,A19,'Rekap Parameter'!$H$5:$H$47) | G19: =SUMIF('KK Penjaminan Kualitas'!$T$6:$T$676,A19&"-*",'KK Penjaminan Kualitas'!$R$6:$R$676) | H19: =IF(F19=0,"",G19/F19) | I19: =COUNTIFS('Rekap Parameter'!$B$5:$B$47,A19,'Rekap Parameter'!$Q$5:$Q$47,">=3") | J19: =IF(H19="","Belum dinilai",IF(H19>=0.8,"Tinggi",IF(H19>=0.6,"Cukup",IF(H19>=0.4,"Kurang","Rendah"))))
A20: 3.3 | B20: Pengendalian atas Pengelolaan Sistem Informasi | C20: =COUNTIF('Rekap Parameter'!$B$5:$B$47,A20) | D20: =SUMIF('Rekap Parameter'!$B$5:$B$47,A20,'Rekap Parameter'!$F$5:$F$47) | E20: =SUMIF('Rekap Parameter'!$B$5:$B$47,A20,'Rekap Parameter'!$G$5:$G$47) | F20: =SUMIF('Rekap Parameter'!$B$5:$B$47,A20,'Rekap Parameter'!$H$5:$H$47) | G20: =SUMIF('KK Penjaminan Kualitas'!$T$6:$T$676,A20&"-*",'KK Penjaminan Kualitas'!$R$6:$R$676) | H20: =IF(F20=0,"",G20/F20) | I20: =COUNTIFS('Rekap Parameter'!$B$5:$B$47,A20,'Rekap Parameter'!$Q$5:$Q$47,">=3") | J20: =IF(H20="","Belum dinilai",IF(H20>=0.8,"Tinggi",IF(H20>=0.6,"Cukup",IF(H20>=0.4,"Kurang","Rendah"))))
A21: 3.4 | B21: Pengendalian Fisik atas Aset | C21: =COUNTIF('Rekap Parameter'!$B$5:$B$47,A21) | D21: =SUMIF('Rekap Parameter'!$B$5:$B$47,A21,'Rekap Parameter'!$F$5:$F$47) | E21: =SUMIF('Rekap Parameter'!$B$5:$B$47,A21,'Rekap Parameter'!$G$5:$G$47) | F21: =SUMIF('Rekap Parameter'!$B$5:$B$47,A21,'Rekap Parameter'!$H$5:$H$47) | G21: =SUMIF('KK Penjaminan Kualitas'!$T$6:$T$676,A21&"-*",'KK Penjaminan Kualitas'!$R$6:$R$676) | H21: =IF(F21=0,"",G21/F21) | I21: =COUNTIFS('Rekap Parameter'!$B$5:$B$47,A21,'Rekap Parameter'!$Q$5:$Q$47,">=3") | J21: =IF(H21="","Belum dinilai",IF(H21>=0.8,"Tinggi",IF(H21>=0.6,"Cukup",IF(H21>=0.4,"Kurang","Rendah"))))
A22: 3.5 | B22: Penetapan dan Reviu atas Indikator dan Ukuran Kinerja | C22: =COUNTIF('Rekap Parameter'!$B$5:$B$47,A22) | D22: =SUMIF('Rekap Parameter'!$B$5:$B$47,A22,'Rekap Parameter'!$F$5:$F$47) | E22: =SUMIF('Rekap Parameter'!$B$5:$B$47,A22,'Rekap Parameter'!$G$5:$G$47) | F22: =SUMIF('Rekap Parameter'!$B$5:$B$47,A22,'Rekap Parameter'!$H$5:$H$47) | G22: =SUMIF('KK Penjaminan Kualitas'!$T$6:$T$676,A22&"-*",'KK Penjaminan Kualitas'!$R$6:$R$676) | H22: =IF(F22=0,"",G22/F22) | I22: =COUNTIFS('Rekap Parameter'!$B$5:$B$47,A22,'Rekap Parameter'!$Q$5:$Q$47,">=3") | J22: =IF(H22="","Belum dinilai",IF(H22>=0.8,"Tinggi",IF(H22>=0.6,"Cukup",IF(H22>=0.4,"Kurang","Rendah"))))
A23: 3.6 | B23: Pemisahan Fungsi | C23: =COUNTIF('Rekap Parameter'!$B$5:$B$47,A23) | D23: =SUMIF('Rekap Parameter'!$B$5:$B$47,A23,'Rekap Parameter'!$F$5:$F$47) | E23: =SUMIF('Rekap Parameter'!$B$5:$B$47,A23,'Rekap Parameter'!$G$5:$G$47) | F23: =SUMIF('Rekap Parameter'!$B$5:$B$47,A23,'Rekap Parameter'!$H$5:$H$47) | G23: =SUMIF('KK Penjaminan Kualitas'!$T$6:$T$676,A23&"-*",'KK Penjaminan Kualitas'!$R$6:$R$676) | H23: =IF(F23=0,"",G23/F23) | I23: =COUNTIFS('Rekap Parameter'!$B$5:$B$47,A23,'Rekap Parameter'!$Q$5:$Q$47,">=3") | J23: =IF(H23="","Belum dinilai",IF(H23>=0.8,"Tinggi",IF(H23>=0.6,"Cukup",IF(H23>=0.4,"Kurang","Rendah"))))
A24: 3.7 | B24: Otorisasi atas Transaksi dan Kejadian yang Penting | C24: =COUNTIF('Rekap Parameter'!$B$5:$B$47,A24) | D24: =SUMIF('Rekap Parameter'!$B$5:$B$47,A24,'Rekap Parameter'!$F$5:$F$47) | E24: =SUMIF('Rekap Parameter'!$B$5:$B$47,A24,'Rekap Parameter'!$G$5:$G$47) | F24: =SUMIF('Rekap Parameter'!$B$5:$B$47,A24,'Rekap Parameter'!$H$5:$H$47) | G24: =SUMIF('KK Penjaminan Kualitas'!$T$6:$T$676,A24&"-*",'KK Penjaminan Kualitas'!$R$6:$R$676) | H24: =IF(F24=0,"",G24/F24) | I24: =COUNTIFS('Rekap Parameter'!$B$5:$B$47,A24,'Rekap Parameter'!$Q$5:$Q$47,">=3") | J24: =IF(H24="","Belum dinilai",IF(H24>=0.8,"Tinggi",IF(H24>=0.6,"Cukup",IF(H24>=0.4,"Kurang","Rendah"))))
A25: 3.8 | B25: Pencatatan yang Akurat dan Tepat Waktu atas Transaksi dan Kejadian | C25: =COUNTIF('Rekap Parameter'!$B$5:$B$47,A25) | D25: =SUMIF('Rekap Parameter'!$B$5:$B$47,A25,'Rekap Parameter'!$F$5:$F$47) | E25: =SUMIF('Rekap Parameter'!$B$5:$B$47,A25,'Rekap Parameter'!$G$5:$G$47) | F25: =SUMIF('Rekap Parameter'!$B$5:$B$47,A25,'Rekap Parameter'!$H$5:$H$47) | G25: =SUMIF('KK Penjaminan Kualitas'!$T$6:$T$676,A25&"-*",'KK Penjaminan Kualitas'!$R$6:$R$676) | H25: =IF(F25=0,"",G25/F25) | I25: =COUNTIFS('Rekap Parameter'!$B$5:$B$47,A25,'Rekap Parameter'!$Q$5:$Q$47,">=3") | J25: =IF(H25="","Belum dinilai",IF(H25>=0.8,"Tinggi",IF(H25>=0.6,"Cukup",IF(H25>=0.4,"Kurang","Rendah"))))
A26: 3.9 | B26: Pembatasan Akses atas Sumber Daya dan Pencatatannya | C26: =COUNTIF('Rekap Parameter'!$B$5:$B$47,A26) | D26: =SUMIF('Rekap Parameter'!$B$5:$B$47,A26,'Rekap Parameter'!$F$5:$F$47) | E26: =SUMIF('Rekap Parameter'!$B$5:$B$47,A26,'Rekap Parameter'!$G$5:$G$47) | F26: =SUMIF('Rekap Parameter'!$B$5:$B$47,A26,'Rekap Parameter'!$H$5:$H$47) | G26: =SUMIF('KK Penjaminan Kualitas'!$T$6:$T$676,A26&"-*",'KK Penjaminan Kualitas'!$R$6:$R$676) | H26: =IF(F26=0,"",G26/F26) | I26: =COUNTIFS('Rekap Parameter'!$B$5:$B$47,A26,'Rekap Parameter'!$Q$5:$Q$47,">=3") | J26: =IF(H26="","Belum dinilai",IF(H26>=0.8,"Tinggi",IF(H26>=0.6,"Cukup",IF(H26>=0.4,"Kurang","Rendah"))))
A27: 3.10 | B27: Akuntabilitas terhadap Sumber Daya dan Pencatatannya | C27: =COUNTIF('Rekap Parameter'!$B$5:$B$47,A27) | D27: =SUMIF('Rekap Parameter'!$B$5:$B$47,A27,'Rekap Parameter'!$F$5:$F$47) | E27: =SUMIF('Rekap Parameter'!$B$5:$B$47,A27,'Rekap Parameter'!$G$5:$G$47) | F27: =SUMIF('Rekap Parameter'!$B$5:$B$47,A27,'Rekap Parameter'!$H$5:$H$47) | G27: =SUMIF('KK Penjaminan Kualitas'!$T$6:$T$676,A27&"-*",'KK Penjaminan Kualitas'!$R$6:$R$676) | H27: =IF(F27=0,"",G27/F27) | I27: =COUNTIFS('Rekap Parameter'!$B$5:$B$47,A27,'Rekap Parameter'!$Q$5:$Q$47,">=3") | J27: =IF(H27="","Belum dinilai",IF(H27>=0.8,"Tinggi",IF(H27>=0.6,"Cukup",IF(H27>=0.4,"Kurang","Rendah"))))
A28: 3.11 | B28: Dokumentasi yang Baik atas SPI serta Transaksi dan Kejadian Penting | C28: =COUNTIF('Rekap Parameter'!$B$5:$B$47,A28) | D28: =SUMIF('Rekap Parameter'!$B$5:$B$47,A28,'Rekap Parameter'!$F$5:$F$47) | E28: =SUMIF('Rekap Parameter'!$B$5:$B$47,A28,'Rekap Parameter'!$G$5:$G$47) | F28: =SUMIF('Rekap Parameter'!$B$5:$B$47,A28,'Rekap Parameter'!$H$5:$H$47) | G28: =SUMIF('KK Penjaminan Kualitas'!$T$6:$T$676,A28&"-*",'KK Penjaminan Kualitas'!$R$6:$R$676) | H28: =IF(F28=0,"",G28/F28) | I28: =COUNTIFS('Rekap Parameter'!$B$5:$B$47,A28,'Rekap Parameter'!$Q$5:$Q$47,">=3") | J28: =IF(H28="","Belum dinilai",IF(H28>=0.8,"Tinggi",IF(H28>=0.6,"Cukup",IF(H28>=0.4,"Kurang","Rendah"))))
A29: 4 | B29: Unsur 4. Informasi dan Komunikasi | C29: =COUNTIF('Rekap Parameter'!$B$5:$B$47,"4.*") | D29: =SUMIF('Rekap Parameter'!$B$5:$B$47,"4.*",'Rekap Parameter'!$F$5:$F$47) | E29: =SUMIF('Rekap Parameter'!$B$5:$B$47,"4.*",'Rekap Parameter'!$G$5:$G$47) | F29: =SUMIF('Rekap Parameter'!$B$5:$B$47,"4.*",'Rekap Parameter'!$H$5:$H$47) | G29: =SUMIF('KK Penjaminan Kualitas'!$T$6:$T$676,"4.*",'KK Penjaminan Kualitas'!$R$6:$R$676) | H29: =IF(F29=0,"",G29/F29) | I29: =COUNTIFS('Rekap Parameter'!$B$5:$B$47,"4.*",'Rekap Parameter'!$Q$5:$Q$47,">=3") | J29: =IF(H29="","Belum dinilai",IF(H29>=0.8,"Tinggi",IF(H29>=0.6,"Cukup",IF(H29>=0.4,"Kurang","Rendah"))))
A30: 4.1 | B30: Informasi yang Relevan | C30: =COUNTIF('Rekap Parameter'!$B$5:$B$47,A30) | D30: =SUMIF('Rekap Parameter'!$B$5:$B$47,A30,'Rekap Parameter'!$F$5:$F$47) | E30: =SUMIF('Rekap Parameter'!$B$5:$B$47,A30,'Rekap Parameter'!$G$5:$G$47) | F30: =SUMIF('Rekap Parameter'!$B$5:$B$47,A30,'Rekap Parameter'!$H$5:$H$47) | G30: =SUMIF('KK Penjaminan Kualitas'!$T$6:$T$676,A30&"-*",'KK Penjaminan Kualitas'!$R$6:$R$676) | H30: =IF(F30=0,"",G30/F30) | I30: =COUNTIFS('Rekap Parameter'!$B$5:$B$47,A30,'Rekap Parameter'!$Q$5:$Q$47,">=3") | J30: =IF(H30="","Belum dinilai",IF(H30>=0.8,"Tinggi",IF(H30>=0.6,"Cukup",IF(H30>=0.4,"Kurang","Rendah"))))
A31: 4.2 | B31: Komunikasi yang Efektif | C31: =COUNTIF('Rekap Parameter'!$B$5:$B$47,A31) | D31: =SUMIF('Rekap Parameter'!$B$5:$B$47,A31,'Rekap Parameter'!$F$5:$F$47) | E31: =SUMIF('Rekap Parameter'!$B$5:$B$47,A31,'Rekap Parameter'!$G$5:$G$47) | F31: =SUMIF('Rekap Parameter'!$B$5:$B$47,A31,'Rekap Parameter'!$H$5:$H$47) | G31: =SUMIF('KK Penjaminan Kualitas'!$T$6:$T$676,A31&"-*",'KK Penjaminan Kualitas'!$R$6:$R$676) | H31: =IF(F31=0,"",G31/F31) | I31: =COUNTIFS('Rekap Parameter'!$B$5:$B$47,A31,'Rekap Parameter'!$Q$5:$Q$47,">=3") | J31: =IF(H31="","Belum dinilai",IF(H31>=0.8,"Tinggi",IF(H31>=0.6,"Cukup",IF(H31>=0.4,"Kurang","Rendah"))))
A32: 5 | B32: Unsur 5. Pemantauan | C32: =COUNTIF('Rekap Parameter'!$B$5:$B$47,"5.*") | D32: =SUMIF('Rekap Parameter'!$B$5:$B$47,"5.*",'Rekap Parameter'!$F$5:$F$47) | E32: =SUMIF('Rekap Parameter'!$B$5:$B$47,"5.*",'Rekap Parameter'!$G$5:$G$47) | F32: =SUMIF('Rekap Parameter'!$B$5:$B$47,"5.*",'Rekap Parameter'!$H$5:$H$47) | G32: =SUMIF('KK Penjaminan Kualitas'!$T$6:$T$676,"5.*",'KK Penjaminan Kualitas'!$R$6:$R$676) | H32: =IF(F32=0,"",G32/F32) | I32: =COUNTIFS('Rekap Parameter'!$B$5:$B$47,"5.*",'Rekap Parameter'!$Q$5:$Q$47,">=3") | J32: =IF(H32="","Belum dinilai",IF(H32>=0.8,"Tinggi",IF(H32>=0.6,"Cukup",IF(H32>=0.4,"Kurang","Rendah"))))
A33: 5.1 | B33: Pemantauan Berkelanjutan | C33: =COUNTIF('Rekap Parameter'!$B$5:$B$47,A33) | D33: =SUMIF('Rekap Parameter'!$B$5:$B$47,A33,'Rekap Parameter'!$F$5:$F$47) | E33: =SUMIF('Rekap Parameter'!$B$5:$B$47,A33,'Rekap Parameter'!$G$5:$G$47) | F33: =SUMIF('Rekap Parameter'!$B$5:$B$47,A33,'Rekap Parameter'!$H$5:$H$47) | G33: =SUMIF('KK Penjaminan Kualitas'!$T$6:$T$676,A33&"-*",'KK Penjaminan Kualitas'!$R$6:$R$676) | H33: =IF(F33=0,"",G33/F33) | I33: =COUNTIFS('Rekap Parameter'!$B$5:$B$47,A33,'Rekap Parameter'!$Q$5:$Q$47,">=3") | J33: =IF(H33="","Belum dinilai",IF(H33>=0.8,"Tinggi",IF(H33>=0.6,"Cukup",IF(H33>=0.4,"Kurang","Rendah"))))
A34: 5.2 | B34: Evaluasi Terpisah | C34: =COUNTIF('Rekap Parameter'!$B$5:$B$47,A34) | D34: =SUMIF('Rekap Parameter'!$B$5:$B$47,A34,'Rekap Parameter'!$F$5:$F$47) | E34: =SUMIF('Rekap Parameter'!$B$5:$B$47,A34,'Rekap Parameter'!$G$5:$G$47) | F34: =SUMIF('Rekap Parameter'!$B$5:$B$47,A34,'Rekap Parameter'!$H$5:$H$47) | G34: =SUMIF('KK Penjaminan Kualitas'!$T$6:$T$676,A34&"-*",'KK Penjaminan Kualitas'!$R$6:$R$676) | H34: =IF(F34=0,"",G34/F34) | I34: =COUNTIFS('Rekap Parameter'!$B$5:$B$47,A34,'Rekap Parameter'!$Q$5:$Q$47,">=3") | J34: =IF(H34="","Belum dinilai",IF(H34>=0.8,"Tinggi",IF(H34>=0.6,"Cukup",IF(H34>=0.4,"Kurang","Rendah"))))
B35: TOTAL OPD | C35: =C5+C14+C17+C29+C32 | D35: =D5+D14+D17+D29+D32 | E35: =E5+E14+E17+E29+E32 | F35: =F5+F14+F17+F29+F32 | G35: =G5+G14+G17+G29+G32 | H35: =IF(F35=0,"",G35/F35) | I35: =I5+I14+I17+I29+I32 | J35: =IF(H35="","Belum dinilai",IF(H35>=0.8,"Tinggi",IF(H35>=0.6,"Cukup",IF(H35>=0.4,"Kurang","Rendah"))))
A37: Keterangan kategori (asumsi kertas kerja, dapat disesuaikan): Tinggi ≥ 80%; Cukup 60–<80%; Kurang 40–<60%; Rendah < 40%. Kolom 'Parameter ≥ Level 3' menunjukkan jumlah parameter yang dokumennya telah lengkap sampai Grade C (target Level 3 – Terdefinisi).
B40: Mengetahui, | H40: ="Mahakam Ulu, "&IF(Petunjuk!$C$7="","....................",Petunjuk!$C$7)
B41: Pengendali Teknis | H41: Ketua Tim
B45: =IF(Petunjuk!$C$8="","(..............................)",Petunjuk!$C$8) | H45: =IF(Petunjuk!$C$9="","(..............................)",Petunjuk!$C$9)
B46: NIP. ............................... | H46: NIP. ...............................
